title,link,publisher
India’s Cockroach movement protesters show no sign of backing down - The Guardian,https://news.google.com/rss/articles/CBMikAFBVV95cUxPUnFXZm91LXlBdW4yajVucm1STjdhVVNuOF9PUUNOQ2k5dFlBUVFIZ1ByOGNXeE1rVk1YUnVmR01HaDFNU3llRElrTFAxV1k2YjhQZVRNNkFocEwyT3V4cldEbWhWZmRLczVFLXN3NFcwU1d3R25jNGN4a1lHdkZmT0p1VC1GcGhHR3BiOW5RTnQ?oc=5,The Guardian
Israel says Iran moved centrifuges to deep mountain site - The Arab Weekly,https://news.google.com/rss/articles/CBMihgFBVV95cUxOMGZQTmlLa0dZZTFxTjJkb1NQX2dUVVc0RFRhc0plSTEybWlUdDN2cGNiNjBaQmloaGMxWlBBUXEzcHRkQkFQa2dOeTdSYk4zdTlZdW5ZSzJEUHBIbGRUYWNJU3V4ejNXcTdrcmxhS0xleWlUM2dFLWtJeTZQakVySU5pS21fQQ?oc=5,The Arab Weekly
"US Student Visa Rule Change: F-1, J-1 Holders Advised To Return By This Day - NDTV",https://news.google.com/rss/articles/CBMitAFBVV95cUxNQmxiUkVPS1RDZTZscVhEanRCb0NsVjh5d1FXNWREVm9YYjlRbnNZdVFTVTNYZ0hpWmFCbldQc1NiZnNNdWJVNjJmUEhDV0JJamZVMGY0aXRvVXJMR014OHlqWHBkVWJiQTlXYjZWTVp4cEx3ZHRKOVBKRXY3VXI4V3dQMV9JRG1UVGs0UG0wWXB3OVhSSjRZQzd1VW5ZejBBdm9nUGNGVEczSzB3TGZ2SnFjV3LSAbwBQVVfeXFMTW5iSW55WHBUUXNKQXZDaTZ1al81Uk9haEhZZ2tpY3E4UFlCaXBmbHJkQkpibXlQREJydFRTdnVZTmkzajRGbkVXV2Jqd3psTkhqd1UtRmJfOGJfZmdGVlRDMmRkVDV1UUE5WF9ZMllobWdWQVIzYlM2bG9XOGV2eV91WExMSlBoLUp0OTd1eGlZbkZQeS1FZEg3M1RWQUhDcEZBMXRjQi1CT25Vb0hTVkdhejN0NS04QUFGNjE?oc=5,NDTV
Iranians struggle to get by amid US war and domestic woes - Al Jazeera,https://news.google.com/rss/articles/CBMinwFBVV95cUxNaG9aZzJvNVA2MFFWTUt4M2Q2SGZXUEM3b1dMUVN1R3h6RGhobUFwRE0wRkZWcG5zbUt1REhxVE9uMTNwdWZobnoyZjg2R0JTRHNZZUtvM3MtU3owa1ZNS3lsMU9vQVdsR2RWUEdieG0tMV9hMVFDT2xkcHd4akQ5VFREMlZGb2ltbmI3Wl9aV3Y3T3JjRGNjMFFfNXdSYlnSAaQBQVVfeXFMUGJoMmJIeFBLNlhkRmtoaWRTWE1nZy05ZWFtTUcwZlpJMWtIc3RGVWRWQzdZWWl3VXZiOWdyVk5EeXE4SExZeGhfZnhWcnRBelF2WktITFI4alYweEdWd1pKQXhLenhDZkFQMkNicjgxQ2x4Y0Q0Umdvd2JVbVRKYVFOY1I5UENMZmh0T18xOXQwRGRZUUtLZTJ0OXBZbm1VUThnYWY?oc=5,Al Jazeera
"Union Education Minister Pradhan says Rahul, Congress exploiting students; CJP's Jantar Mantar protest site draws Opposition leaders | LIVE - The Hindu",https://news.google.com/rss/articles/CBMiugFBVV95cUxQdjhrSDIzMnFKNnR6N0ZJbFF4ZHZ2VGtGTllrRUFuZHFwTlczS0lKUFluTndYYzhlUnZ3T3RUQmdBVnNvUGNFYkE2cjdZMFRVUEYzVi1NV19EWTkzZ3hFM3Z2VEIyU2ZJTExZTkpsM2s1bFpialRmMDhPdWJaTnVmUUtPVXJKSVA5eEFlYW9yclB2SHdfSWZHV1pjd2sxRjc1SWRiLTBnZGpNVHJkT3ZjamhHTjZJSWh4Znc?oc=5,The Hindu
Shifting Sonam Wangchuk To Hospital Of Choice Will Ensure Protection Of His Fundamental Rights: Delhi... - Live Law,https://news.google.com/rss/articles/CBMiwwFBVV95cUxPVlMyRnJSbnRCbWlUekFjVzFHdXMycGI1bEs2UDJSTHc4VUtfZlktY0dubkNhX3lmZEs3T0JZUi1VZHV0aURaaTN5MWxxNWhQQXdjZFJhU2VsLVFtTEdTRm1TaTdIM1pTLWRCd3g2b1E4b3RrYlJkamNUb0lGU1AtdWlYM1JUOFE2aXJWbjlpVEphTTNkeFVLdTAzYU1KNzVLSm9mYlhwWTV4eXFmRHY3d29zNnlTRW9yUjVMSm1YOE9oQXPSAcgBQVVfeXFMTm5qYlRrNFpvYTZXZl8wOWdiZmYyUXV4bE9tSld2ODJUckJUcWVKd0x5c29ESWZOb2hqbzNZeVh5RnVmaER5OHFBY0M5RlNMY1loYlJFb2dFVExmR3o2aFBVYTlpdm52ZGg5T25VNUoxVTZKekk5Y2d0MVJVRmZWWWpib1NCZ3FFeHA2cnNZa3h1bVdHRVFjZi1pbG9NMGxCTklFYWxvbTB1TmtDMGdub2lITWFJZjlEbFo0MmV0WW9CcS1UZmxCN0s?oc=5,Live Law
"Pakistan seeks Canada’s support for restoration of Indus Waters Treaty with India, gets a rebuff - ThePrint",https://news.google.com/rss/articles/CBMizgFBVV95cUxQV1hYanlNZGZQdmpRdkItUWNSaUhmbkJVM2I3NmU3XzdYLUdNUTlLdk1zWXlPS0YxZTNjVi1Pa2wxLUR5QnJwNWlzX0dVR1NvQ3RGU05RZGMxbERZLW80ek9IZjlqMUdPbEVDdVhFS1hiVjlmTWUwT20yUnVuMVFFejdrMnVZaEJqQjRIYUVabTNRam91RW8yejU5dGt0bE5JT0lXcWtUcFd2MURyTS0zeEFqbEdXc2JyNEhJU0licTVuOFVISzdIQW5iUW0wd9IB0wFBVV95cUxNQUxNSF9tZ0YwS2dObUxaWGdVX3ltUVZvMkR4QXFCRm1MZUFsU3htZWUtMUZiRWdZbi1teFRHZ3F6XzJJVW1CLTFtM3pJZ2cyay13c2R6bzctUG9nMGVCUHpURDdPWGs3YktVeUNLWVpfNHlrdGlVQlh6RXoxV0RxWllzT2Q1dFhQZEtJZWRqWDRlX3VvZ20yNFRYVk80blJXRExkS0E0LXlONXdDZ3VVU3FBUi1KMEVrdjBDcFZvZXhjaVdCZmk1YXA4QThvSzI0SUVN?oc=5,ThePrint
"Why Assam floods: The obvious answer is Brahmaputra, but there's so much more to it | Hindustan Times - Hindustan Times",https://news.google.com/rss/articles/CBMi3wFBVV95cUxPV1ljUEsteEdNU3AzNERPR1hGYTVwSEE4a0ppeGc5RVI2UTZkRDZ2TWE0Nko4NmlOY2tKRnhLcVA3U3pULUw3bDBnQ1kxM0V6czhOdmRuT3VUbm5HbWF1WXV6QVhVSTh2YkVZV2pCbmkwVWU2Sk1qMk1mOUtBVUd4ZXpxdVhEWXdPemlBdV8yMWVCMFdmd21jYmVMekxObGhnZ25vWTdmSThHandXdk9fdHJRZGZrSXZ1cWtLOU9aRzA4YjVIdmU1Y1JWTEtMaFZOMGJ4YjhuNFVoN1VVTmVj0gHkAUFVX3lxTE5veE1jbDhDR3k1b0tQbzJQMTNROXBLQmZOd2VZVWo2X1pYRnU4OGtmQXNKekFia0QxcXJnYnFpM1dtVElZaXJwNnJXMUxuX0xxeWxkLUZ4cm9YZ0tZVWUtMDI4VVM2QjZqNUY1M0k0ZFpmS3F0NmdSN1hESDR1eEMtOXJIaHprZlk5Ti1XcldaaGhZN1VDLWpFamxLbFRILXdmU3JvclRzRmxnWHNrOWJEYW5mdW1Yb2pvSExwVXBLZkRYQ3QxZ25TQVh3ZTRhWUhhS05wOG0xel9SZjhfelo2WktJaQ?oc=5,Hindustan Times
"""Preventing Paper Leaks A National Responsibility"": PM Modi On NEET Row - NDTV",https://news.google.com/rss/articles/CBMi3gFBVV95cUxNdk9PT1NnQ1A0Rldsc3hhVnlGaVd5Z2xqYTJVRFktTzE1OVZfdFg3Z2hPNEpFWXAyWjByaXNEOWlUUUhUYVBMbGU1eVd5T3FaN29jSmJBVlVKYlRsSlJvOG5LS0tvaHhfMy1OWUpOcjBUd05Fak5sSUNyOW1CWkM0M29VQTVHS1MxQWdMaC1md0xkN2VRcmd3cHE3alJEbmtIMjRyU2VwSUNFUHdsdmdPcm4zcHg3Y0Z6eTgxYmcwS2NIbDRhTXdsYWs5d19YZ05LeW5TZVNNTHpYcGVfUHc?oc=5,NDTV
"Nothing Can Shame People Unfazed By Ram Temple Donation Theft, It's Nadir Of Indian's Integrity : Justice ... - Live Law",https://news.google.com/rss/articles/CBMi1wFBVV95cUxPcjd5NjRuRGVlbi04cVNqRENvek9IQTVlanR6NEtWbExkWDBTSUpKTEEwMHNkZUFZai1QUjFiZ2lhcUxzMzVhSmcxWEJZekUyOG8wejFJWDVaRUtLdWZRZE9mOHdQa0hLd0dhNzVGUTdGNW9kSTNZYlZyZGtRWHpVd2hva3VMeWhQVTZ5akh4QkM4OGpKS0ota18waEh5VTBEcmJUdFpOYmdKeVhXQXhGRy1EU0t0YXhSRnBLWUpMamdHTEtUYW1mWXNBbzBPbHZyWnhHWnhmNNIB3AFBVV95cUxPcm9xVVhITVlpN3dmNWNoRC1UZTJtc0hzZC1RUGFobWh3X0t1OG02WktCOWkzRDNHd1ROX0xaUzMxNEhyRWktQm4tY3lIR2Q4eF9UUHZCYkpBVzBhVVloaHc5QXE0cFV1NUNOYk40SGd2X3gySlRrallMUkQxZUFnM1pIU0syUmtZMHJMNDlVMWw1LW9VU2cwekZNUjNBdzNRUmd4R3MwZWhoeFFmMEJFWk5QYmF3bEpidWlaUXdLc196bFdMYWc0MDB5eTNZYWdVUE9yTEVwajc5NEVO?oc=5,Live Law
US-Iran War Sparks Fresh Turmoil: Pentagon Forced To Limit Training As Funds Run Dry? - News18,https://news.google.com/rss/articles/CBMixAFBVV95cUxPeS1pakVSSVJlVDZHS2U0b1FOaVljSE5jaHROZXBiU203UDJTQkRNRGRkU2tuWFFrTTBVbzFhYUZyY1hQcURRLXdjWlRueWRjcVl1N2lfRi1DMHVkYVhEczk2dkRTU3E0NW42QVRCNmZXZTNRMW1rMTktdnlFY2FMMHFTRjhiekVTSzhaem5KUW1BcjNFaUpDQTFJaEtoWndldGFCWm5KeVJ4aElNMUQ1R2VkWnRHd29ETFFCcDlWNVlGVVBM0gHKAUFVX3lxTE5YU2RJaUlVWlhFSEFvT2ZvUDVkOEsxd19kTzJyWVVsR2owZ2dYSXdyV1phMEZaSEJoX090b0tFSU1ndEljcVVoMDF1QXV4dFA2NF9iamFyV3ZXWjkwZWhkUU5RNU51a2M1dHdwTnRlRjlHMDlQNUEwQVB0SjF6Qlp2NFVBMEtNYlpnQWNGMXBLRktkUHJlQ0N0STdzWjI0YWprM2x2WF9aLVJRYTFodkdVenNJVVVYb0lvTmlrSUctUHg3UzhCdm4tTVE?oc=5,News18
India Summons Russian Envoy Over Killing of 4 Indian Sailors - The Moscow Times,https://news.google.com/rss/articles/CBMirgFBVV95cUxOY2lHU0wwZnlFRFEyOXZ3VmxaT3A2NkxmRkpSR2N3c1RFTS1Bd0daY1BGSnd1VTVwZnVCMzd6OEVxZ1d0WUlZOWk4dkNNOVRoVlo1ejc5WURYbmFpaXpzczFJLWloakhUV2lVZUhtdlZ0UFF5UWJ1Vk5xVTRFX2ZWNTBvajhWRndJT0hxR3owZnBrc2VaQkJmSkN0RzR4MDdLSjVfb3p0N3I5VW8taEE?oc=5,The Moscow Times
Tankers with Saudi crude turn back as Houthis open new front in US-Iran war - Reuters,https://news.google.com/rss/articles/CBMitwFBVV95cUxQT0Jlc0k2UzBpUjR0R3ZWd2NKVzZVM2F6azd0VWk0WlYySWhpTU8zc2V2NTVWc3hWRzBYSUk2LXNTSzhoUnF1VUotZ1FhdTlMVE53TmtEUllYSThLU3hSU3hIRGRxZHFoaFZXM2VReGdxNGVVcGVOYXh4NTcwdHBpWkZqLWtCTHhOdjFIbWhJcExkcUo3amxFa0x3N3VadTVqbXh2LUxQYXV1Y05IM0N4QlVlUjNmWHM?oc=5,Reuters
"Andy Burnham becomes U.K. PM, promising new social and political model - The Hindu",https://news.google.com/rss/articles/CBMi2wFBVV95cUxNZTB1YWItNzNTLVMxcEF0ekpFWlBSY20wU2RVeUZZNlVMMUpXcFFiT3JRdkZhaWMxNDZaZndsUjRPQV9Fb2IyOEtqZjFNYWZUa3d2cGYzR3QtZkFQUXNncGdkeDVTTGVtVEdlOXE3YTNJbDFUUHIxRXU4RV9UMDNNNmN0S3A1Y1lWQnJ0b1pfTlc0QThCY3ZONVRQa2pyMHpGM0dCNmRIV000ZXoybkJ3TkctVzRBbFhENC1KamFCcVQzWTVmSHNVa3dNdE45UjJEeGIzM01udWdqVknSAeIBQVVfeXFMTjRMcXFVTU1YeUcwdmZLMG1CQ1haeGJCSUxHTkRCcFEyZno2Z0RuZ3lKUXVBSEVpRkE2ZmRBcEJCWEo5YXNhZzgwNm8zQWJRd0lEbmg0Z2ppcDBCdzJHOGgyMWZhcUxXTVNEbzN0NGZzUHNqSFUtM3dCRkZ5TWpJeEZ5REN4OTdfd1ZjR25OWjN1SDlwRUtuaEhNWGdNYzFvel80a2VtZ3k4M1ZENzY0a2lNR0tld2NVS1d4TVk2WkJNQnBGWENSTU1vOE1lazdiZlVNUVFKeER6U05DR05WY1A2UQ?oc=5,The Hindu
HDFC Bank Hammered Worst Since 2008: Why Retail Investors Feel The Pinch - NDTV Profit,https://news.google.com/rss/articles/CBMiwwFBVV95cUxQR3RqVDNXZzhnemV0cFpoWmt5ZnhoRlJjWVlQYVROMnpjSk1TTzJhemxtbTluOVBPQmhZUnRuVmpDX19HYUctZEp5Wm9jT2d2V3FsYlJEbkNwNXlSajFfTmlLam1GNWtzbDlhY0c0dzFLUFZQSVVQb3BKNVFFT3h0OW5fLWdTNldQOFkyRGt3clpNcFExblJfZ2FsdXlUYmZYLTBtQ05FN0VkU3dGWkhDUFNlYUg2STh2R0dmSmVyTlUweUHSAcsBQVVfeXFMTlRsSHphbTdxNGVRY3U0VlRzaVZmWnAyQXpFWjM5UDNmWl9SVVZQN01uWGMxUC1WUWs1NnpaZWRZLXFDOWZZY2lHY2p4LWJBYTlfTkRrd3loMm1xNTdBbHg4ZXNTWXNSNWJLcUg1Z285cXZhS290OXoybHF4V2ZIVkJlOE11T05NRmloN21WUmpIMEx4YmxhQ0g1RWtRRWltU21Dc0ZObkZKUml0WEE0ZzFXTUhlZmw2MlpVYlN5R0RCZnZ3a1ZzWjVxTnc?oc=5,NDTV Profit
"Maruti Suzuki Cars To Get Costlier By Up To Rs 30,000 From Aug 2026 - RushLane",https://news.google.com/rss/articles/CBMiqAFBVV95cUxNWV9wTm1yUFJPOGxCbENLbzBYSXlvYUUybzFQaTVCWV9HQjRHOXY0alVvYkE0c0tieFU1VE9FYTZtZmRmYlVDcVdJTjNJV0l4clIzUVlXSHhnTHJqeldQSFJhY0NpNWRVX0NSTXVnaEs1ODZZTk1INTN3SDJPbldWSWJPeHZRUV82WllhQm1QN1VkMVh3cFlrSldQTUZ6anl5MjB0WEpSNXHSAagBQVVfeXFMTVlfcE5tclBSTzhsQmxDS28wWEl5b2FFMm8xUGk1QllfR0I0Rzl2NGpVb2JBNHNLYnhVNVRPRWE2bWZkZmJVQ3FXSU4zSVdJeHJSM1FZV0h4Z0xyanpXUEhSYWNDaTVkVV9DUk11Z2hLNTg2WU5NSDUzd0gyT25XVkliT3h2UVFfNlpZYUJtUDdVZDFYd3BZa0pXUE1Gemp5eTIwdFhKUjVx?oc=5,RushLane
"Oil prices rise to five-week high on US-Iran attacks, Houthi blockade threat By Reuters - Investing.com",https://news.google.com/rss/articles/CBMiswFBVV95cUxPdTVmN3gyY0FHbnRUTGtjRWwxOVQ4amw0dFFpTWNLN2dWM2FJdUpRMm1sS1daUFN4T3RLdm9fOVBTNWhWaUNfcjNZR3paYS1yS3U2SllhQ2UzM2VXSmlFdzZnaWRSV2VVNGxndmhsZy13X1FGcjFyVnZieGF1SlF1RWpVcXJISFFQVXhjaktWd1ZsUGV4OUdUZUpHUGFRWmJPbVZNemVmVjJlMDhuWXUxRkJCVQ?oc=5,Investing.com
India Pulls Back From Iraqi Oil as Hormuz Turns Too Dangerous - Crude Oil Prices Today | OilPrice.com,https://news.google.com/rss/articles/CBMiuAFBVV95cUxQLUVYcFgtZGtmcjU0a0ZCR2FMbTB5dXhzemt6OVBCSEctWFpuMm5KOVlyZk1GSGQwMWNFV0ZYSXRKQTh0V25NbkpxMHdGNDRyV3pZTHBtVkJEYUlxTkFRaHphRzBwMWtCcXJ1SVBzeTh5M0dDYTF3ZWtiVnZIeEdnY3YzeHlyM18zeF9GeUcxS0tOMF9FREQwVTVlYU9UV09HVGRqUjFhbmVaTUNmVWxzLVNSVXlQUGpy0gG-AUFVX3lxTE1NU2x0Z3Bud3lycnRkZDh3QXZhbDJyd1Z1ZHhRcWpVQk9jcG0wS0pYUW1PVlFHWV81bGZaeTVJb1k4Z3d5b1lwZXZHUjViZHJvQVVadXJxNE51dDBfeUVwZjBRY0p0Y2lVakN3Vk9ycDJ3cWhEaElYUUVrM19UV3pVZHl6a3ZRQU14Q3dHbEp5UnZFVmpqcFI5QUJuV0NRLXJjR2NBRFltaXk3Ulk5ZjR6RjRwVDNDV0FYbHN2cXc?oc=5,Crude Oil Prices Today | OilPrice.com
Move over Fitbit Air: Garmin's new CIRQA Smart Band is here - Android Authority,https://news.google.com/rss/articles/CBMifEFVX3lxTFBQMWNGMHVnWk5aUDN0MHFFd3ZLQjVldWFXLU5UTnFTYWZSR0h2blc2V29oYk1kMFROOVRPajdJMnE1YjVMaVNjSlpScG9reFFuY0ZuR2w1OWJOY0JMeXhfR0liOE1iUnVqTXJnVXRjRFVFS3pmemdvTThOazg?oc=5,Android Authority
Apple iPhone 18 Pro: New video focuses on most important new feature of the next iPhones - Notebookcheck,https://news.google.com/rss/articles/CBMizAFBVV95cUxQaUlnUUxIMUJxUkRhVHhhSE1paFVEUzc5cnMxemtHWmFSQTQ5cm5rcHFiWUZSZEhFdWRsMXNFaTFrU2d0LTR3aFIxOGFienUtWVR1a1VXUTdRY3dET1VnMnMxM1BMLXFFR0ZCV0xqTlNTZUdZWG9CX1RjcXBnX0dUYjE3OWhtUG5lOEx4bWdwVzY0aWxrdE1SX2FNLVE3Vkc1cW1mWlZkemtzQ1p5d0pOWm1qMlJ1ejVpMmd0YzBhb19nWE5ycGVxSmZ6NVA?oc=5,Notebookcheck
"Moto Pad 70 Groove India Launch Set for July 31, 9-Speaker JBL Audio, 12.1-inch 120Hz Display Confirmed - My Mobile India",https://news.google.com/rss/articles/CBMizAFBVV95cUxPR3p0Z2dHZnVxUFZLVkxHeThPUHZJVDFwLWIwYktoWjEyR29rUURDNFowS21JZXZsYlhBbzJ5bnQwaXdvaFlKRmMxbS1OT0FzUU5JTl9uS2NuYkY0SGxFeFBxVEJBQjBOVmhHYVJ1eG1aWk5SUWREa2s5d2N6RUNHazBpYV9tYXdxN3ZBdko5TFRaQ2c1SnE1V3M3TXVLUk9ZWFo4LWV0M2VOa3NMMnYxaTVtNE9lSzRWenlXd1ZMcVc3b3dBTk1wWW1YQko?oc=5,My Mobile India
Samsung can’t afford to play it safe with Apple’s first foldable looming - The Verge,https://news.google.com/rss/articles/CBMiiAFBVV95cUxONGtVR1RLU2U1YzM0elBRVDgtdm1hekV5YXp1SElfMktWekNVaW5PQ3NSZWNDZEZyN21UWUhvS1RzNWtFUW80UGFMcU83QTJTNDNTN2FhOUlhNEd4Nk1mTXJCZ2hNdDVLZDB6RGRQZGh4aGlQc3JxYnNtLVVmTzdXbFk2OW45S0NX?oc=5,The Verge
"'Jana Nayagan' pre-sales box office collection: CM Vijay's film exceeds Rs 16 crore in India, trails 'Leo - The Times of India",https://news.google.com/rss/articles/CBMiqgJBVV95cUxQS1ZqT2c3NExTdF84bkRXWm1GeHNuY1d3MnNEOXoySko5emFheVZTNndRS1VSVnRlUmFCcDRpYkMxajRDeHdnS2RESG12Vk5tY1hfSnVIb0hCMTYyNUhzV0REaW91ZVpSZ08tYkFCODNvZmlhQkg5S3BySWVfOXc2M3FYU2tkY0NVLW5tdWxMM0xReTNrV1Yzek9OUjZmNXVwREtQNVNmc2F2OElrSUtaWHdza2VxWWF4X3VlT2dhb0JQSndjWExDUm1ESjE4dTRHRUlUOEllZ1YyeFVrMVp6SEJacVBGTzdMMkNzREt2YWJISkgtVHVlTWhwYlpTQVR4RThXUHBYN0V5SF9fYUJYM1pJRS1wMHBjRUxhY3Y0ekhVV1V2OHI2dnFR?oc=5,The Times of India
‘The Odyssey’ Breaks Records With Massive Debut at U.K. and Ireland Box Office - Variety,https://news.google.com/rss/articles/CBMijwFBVV95cUxOOTZKLWhUY28xMjRIZmtwWWlZN3F6VXJUYWtLMHp2N1JIU19xWU9UdWNNNzBwVXVmd0E5UkFkbC1kRW5WMm1RNlZWM0gtQnk0b1F0X1prNXZqTTB3S0xvQjR0QUpCbGtVTEppYUZyWUhmSzRDdGxzQTlQVDJ5N0tqRHFjOUJwZU80d3k0d2pkSQ?oc=5,Variety
"Ramayana Vs Avengers: Doomsday: Fans Troll Marvel's VFX, Say Ranbir Kapoor Epic Was Judged Too Harshly - News18",https://news.google.com/rss/articles/CBMi5wFBVV95cUxPT3I4X214b1EwOWxHQlNua2d0LVI2OFJkSjlKNEoxUXZTSlJ3Qk1MTTU0RnA2NWwxazBneWMyRkQ0Y0EwZjhlbUxXX0d6RnlJOEZLVnY1cTdLcnNmWHZGR3plWXl1OEZMTkRHME9mU3dGb2lma3pjaC1pR184ZDBHeU5NLTZISk9sRDdYWkhydXp1TzZmejRoMXJqZTBfV3hENjlIaVZmd1BpR1ZmR04zcmJTT3NhSXpjMldXdlJob2UxTzgtdUxuWFpXQmc2bEZzWEZsOVpCSTFWcVY1Z251dFprai1NZFXSAewBQVVfeXFMTUdramZyYzNRMzU2Y2VpeHZ0YmRUTmdsUk9NdHBDWmVQaVRmOURtNDR4ZWs4d0otendMOTNSMHRabnhLaW5nN3J2bk5KRlNBWHZuRWRpUENMdXE3TzJMaGI3UlFxOXJIUHlMd2tjTmNqWmM1bk1zNWk0VkRabTd6VkQ2X2FXVDZsQlJrMEZ5VjdsUDRsWEwzRWVabjBBU2RIdkFkS2Fka0RFeWxJNVZDczl6cnU1dm5hejg5SmpkNk8xamlKQ3pQZngyZ1hsM1dMRjZOUGNKcHJRR3d2dTdsc3RHdmlVbmJXLUxya2k?oc=5,News18
Paramount's acquisition of Warner Bros. Discovery is on hold - GSMArena.com,https://news.google.com/rss/articles/CBMinwFBVV95cUxOX3VvYUJkNXVHRkxiQXZTM05CSTd0ckhwNzlBUU5ZV0FaQkJjM3Iyd1lDQnhrM3hmWXNXUENMTGgtbnZKSEhFc0RnS1E0QmxrS1pNWFVKVUZNOTdBQU9TUjBBU2Y3M1dxWWVMTGlkbU1kdkNmVFBzalJhQjltdUFJYVBudkczMWVIQTVfaDd4NXExUjRmeGVlVlV2RkhWRlE?oc=5,GSMArena.com
Kuldeep Yadav's Coach Confident Of Spinner's Comeback - Rediff,https://news.google.com/rss/articles/CBMitAFBVV95cUxORHl2OEg0Zm41LVhDLUxQUVRlR2dKb2k5VGloakhnbG16Q0pvcTJ5WE83cDA0N3NYcXRPVWl2Um9xSlQ5aFBOSV80WGw5QllBRXZXZmFmLUYtMlRIbU9UZXJ4d0xsdlZTcFJXTnNhM2dPbmhpTVhuc0tBd1c3S19Ic1FlTmxqQ21iek9mSlVHOFF5TGlqWVNVMjVzc2VsQUJTenpyTi1qNUppZWcxVExubUZKanrSAboBQVVfeXFMTUhuN2EtLUdwNjQweXJIR1p6a3NSdVg0ZUFLQmx3Tm5xYndpb19RTUpHUE1aOTdmbFNFUG90Si1wNlNGR3NQcTYyVko1S3VPazhRS3NRbGlwV3poWHNDSnVyQ05zTURVY05oRmhxazBiVmlVUnhMampVZnVpc05WTDBxNVRPZmR6YWxhYWlycE5zdnRjYkRSNkJYNi1QSkFSY01kbTloNWRKWUR4dVl4VWotWnlnX2FtVFBB?oc=5,Rediff
Sunrisers Leeds make winning start as Litchfield shines - Cricbuzz,https://news.google.com/rss/articles/CBMi1gFBVV95cUxOcXoyZjZjd0lkNXZZZ0VaSlVKVWcxNTliUVA2dEVRRV9Qa3p5Z081T0xLRFBkckZ0WjE3RmFYWTFTZXRBeVFoZDlya3F1V2RYdjBGbFpGcV85Ty03dDM2dDdBNGFmdGpZOGdJR1dVQllhOVVCUUkxTGZBN2N4dlNxM1o0dXE1alNRQWJ2UTl3cHh6NGV1Rk0tUS1vS3VkSWlsNFp4alBjWUhKWGNjZEhRY3dLbEQtNEZBR1UxR3d5VnVoMG9zM0ctYklESmxaRVZWampuV1FR?oc=5,Cricbuzz
Enzo Fernández to 'keep giving his all' for Argentina after World Cup heartbreak - espn.in,https://news.google.com/rss/articles/CBMilwFBVV95cUxOZDJHSF9RVUhDSDlxb1Q1djBGUkxOc3ZqWFlZVlVZVDh2d1kzdnQ2R0RyaHY5VzJ1S0s3UkV0bFN6enU1eWZKam1iOGducnE0bHc4MEQ4YkJyTUVGY3VSZlNsUzZHckhQQm1UUWFZblBMbXBadTBZMnV0RkZkRkZKSEs4cE9KdlYxaExvR0VDSk4xdW1WU1VR?oc=5,espn.in
"Morgan Rogers passes Chelsea medical, signs 6-year contract — reports - We Ain't Got No History",https://news.google.com/rss/articles/CBMi3wFBVV95cUxNS1FqaVRMWUNZUEVWMkxKaFZfYW1wV2dJMDBwNGNwVzBZLWgxVDM0N0ZYM0tYMzFITXpKLTNpTWpsS3NwSGNGZkh4VTZhWlpDUkxSX3lRN2lhc0xiaEExR2ZIM1pMM2s1cEo5UVlQNlZhNER2UDJwRmU3S0VpZmxyQ1hIVE96QnpKVWpDT05sWi1tTUtvUXg3TGtNOTZKT2h5RENoLVBsVk00WWFzVDR1QmFHSVJkRjJGbGxfc0UyMzNwbDJjVFZCdEM5T3ZISllvR1Z5U3FlMDhlRWZKTmdZ?oc=5,We Ain't Got No History
Scientists studying bee brains found clues to how colonies coordinate complex behaviour without a central - The Times of India,https://news.google.com/rss/articles/CBMi2AJBVV95cUxNMUg2R09veTJWb1QzbWRDWHlPLXhfUUlGd0VXVVA2ckJsdDRIYTkzaGVNWE95ajNiYWNpSC1VYlNKT1d6OHBYMjI1ankxRGtuYUlUN0d5cG1ZMTUtMS1NRGJJQldwUDJMYjhVUFduTk1XYmJVR0hrSkEtMGlhZkdiOGR0VktaeVYyYUlMcHp0b1ZBN3hOTUVRd0RRdnFZNE9EbzZxWWJ1OGxTNE5YOURib2VWYkRQb2xodW8ySE1XSmFaUmlERGo3M1dVbHEzOTlIWFR5Y2dEcDJnamVLc1J5MjZwWWxCY0Y0UmM5d1BjVnd2dk5vY3dkY0RpVHJLa0plZEprU1FGNDZDbGdUMFNmZGdoZW4zWjlJRU41VGNxdk5WdzEyMVoycVBVSzFTMkNpZDBvSmJhUU9LcnEzc0hQR3ZCenFaQ0U2X0pMOU43bDRfMDRJdkVTY9IB3gJBVV95cUxObnNGTWtmbW9XVDYxelJEM1NyRk1HVmdvT3dWN2lLMWJEM2xyb0hRNXAzb2p1dGFndU1ZUUhaUU54OVhfYS16RTVIMmFSd0tZNzYyaWhxQndPaEY1MFVIX0ZQRTVEaDZWS0NxMlZ2cDhrQU5aWGJ6eTFubHowLXhXNWFUbWR5M21aWmZRX3ZyTUpJWi1kQTJ0T0pYS0hWUVpkRzJRcHdzV2JYSFRSbXNOdXF6azE3enphem14WWtUMEVuX1htWDZBRnRzWDV1cmg4U2ppSlBPdmlsSml1NzdlT1J4RjNBRlFwanQ3c0dJTVpLeUh6aWdhVU9zdmlkZ2hQUzFPcS1uaGxXZEQ5OW00akNlT09MSFpkZ3JwdS1lYVotYThNZW9LZU84ZDJLaTdNU0x3alk3akMwemFVNjFNSmE1NVBEQkJ0X2E3R3pSNDRWVmQtOGREYk5PMEgzZw?oc=5,The Times of India
Colitis Protection Linked to Microbiota Driven Apiin Activity - EMJ,https://news.google.com/rss/articles/CBMisAFBVV95cUxQTi0zY1NSMkQyVjBacFd6ekpoa0JpNmJJdlIxWklpLTZrb1pUTmhLQzNMUU1tdXdwTWRRMGxMVFFlRnhoRjdRd0lrZXptWktNX2Zpd05QdjZNR0Q2bDBrdnZpMVhCUk9wTE5YYVdKU2QtTHl1QlBRTHMxQ3RaOHdjeFFxdlRMN25LTXFabUVNYXRPT0k2RFdpOThvN1hLd0s2VUxUYXk3VFd2VHNFZng2NQ?oc=5,EMJ
"From The Hindu Archives, July 21, 1976: Viking craft lands on Mars, sends back clear pictures - The Hindu",https://news.google.com/rss/articles/CBMi2wFBVV95cUxOS3IxY1IzaU9tNDA3NDg2Ml9LbzFCVEdXRjdrYVJ5UldJUDNDMzhRc1dCcUNMa3NjZkt5bTNIYmVsNXBEMVVKamlzS0FZVmlQZE9NMGp0T01NY1puelBsdjNacjAxbDZEUFRSSDNScXFkM1Z4aE9wLTRwVG9fMF93N1Fodlg5dER4QnpNN2ZRYUdsdmRLc0FRSGxtVUg2a3NwNDFNazBzYVo2ZGI0YWNwMFVVOUY2eW9RQThaTnN2bDF5U0l4djFjRFRkVDN5dVNORm9oV1I3MU5VMkHSAeIBQVVfeXFMTUdfTVpfMVllT3Q3WERWQmtLNUxpcE1NVFBJUTZianpBS3F6dEtieENCdEdUcUdFYW52eXk1S1g4S29Dbk9KNE1zemxDcUFBUndkTkthMWI4RTgwX2JIZXQ4ZzN3UWJVOWhBSkIyWXh1eTRkUVlLSHA4bklJeFpCUy1RZUZwa2JCelZvNENyaUQ0R0M5SnpjS3lVQzRxWDFOOC1FQ01DakJvZm5zLU5lSmFvOHh4WjhZdWNFYm8xLVpIUDg2M01FSGhwNGxwR2NTRUdtVXRoY1l5b1lBaGVtYURTQQ?oc=5,The Hindu
One of the world's oldest orbicular granites is in India: The 2.56-billion-year-old Pichhore rock is baff - The Times of India,https://news.google.com/rss/articles/CBMizgJBVV95cUxPY0lCazVlQjQxc1VXcW9vMHA3dGt0d0w4clVtUFRmeDVCZ282U25UMjY4YWU4THhNTE83QlRjcWhzMmdoRG9aZnVpTktwcDYyQzJpb000a2xlTklIU3hLcEhRVDRXblhNYjRROGpIbFJtWGc2WDZGalNndHFNck5iYVJTUGJjWXJmUld2Q2lkV25BZVpyR3Vqemk1M3lzZDRvNC11S3J1eU0wSFRpcHIzcE0tSWdDRnVMOFRhbm1UWGw1X0lnZWptQUVhdklsV19LeVM2cjFBUXVYeURpQ1dJZEs1ajNfS1lkd0g2UWUtYnAwNG94NE5VY0ZlTEs0Vzg0RUx2RVRua0k1eWdLSHNiaWp6VGQ2QlFRMjExNXo3b05mdGdVdkVnTXJiZzhibXlXQ1hHcFNqOWdLVFlXRmx6VnpTM2VmcE12Q015dnhn0gHTAkFVX3lxTFBUbjZGVHNYdUNud09EWDB1dkFRSVg5Yl9jc3hUZzFRYmlyT1hoVlQwYWxUWWhqdE1HdUh2U0RfQW1hQ0tDXzA5MUNEZWtScGtybGR1QWp6TW5pQXlzUmhKUkI3YlJPdDhBWDVIa182WnNJQVMxeHRhWm8weE1FbHNXY284RUYyVzJ4SnJnaEozLWZVX0FYOV9VZUpUN2QwaGJmQzY0b0xqV0E0a3YycHB4X2c1eHRXYmxpcDROZTZGTEJKU0V1U2w5azk5clBVTFRLN0tYelJYbUFqaTJ2MEVEY0hEMl9rZjQ2U2JHMWtyNUJBWWJjUnYzOHlPaC1xRUp6N2Vndmg5eVAtbkptQm1MLWVuUDhMYXpVdHRxSXJuZFc5Rk5TV3dEUGFIOVNGVE1pcHUzTzQ4MDFQOGZuM2FiNDJTWVYwaVA2NEh6WFlnak9DSQ?oc=5,The Times of India
Legionnaires’ disease outbreak: What to know after fourth death in New York City - The Indian Express,https://news.google.com/rss/articles/CBMiuAFBVV95cUxPMXZSaDBrOXJuYXQwRXUtS0FhV045X05QclV1MWtITkVRV3o2YmhnSGxmY1BiNGVuX0stQkNqTVBJVGVFY2hXY0VYQ0EyRXBIcEFWTTVSQmpEYlBHSENvUW5TaFphQ1ZaLXJPaVlKOXJfZXVHM1pjUEd4SDlWZHpPVXRETDhjbUx1UE1jUWMxd0QwMDltZTFReU9xTEt1eUQ4UVpKeVB6dmZQeExXNGFQOUFGLW4ycS1n0gG_AUFVX3lxTE83ckFDTE9ReXo0aVdHVUZTS3h5VmVxclBhSFNtdlhncW9qQmJLWkJrZk41R0VxbTlodXJJOERmYU90TXRBUkZZYWdkUERQZHBtVlBSLWZxZUdDSVZBN3EyRzhFblJTQXp0VEZBN1p0b29pT2ROR25PWFFiQ3I2NEFYQzRJYVJtdzVXZVVaVHk1SXlTSDdZLVZ2WmozMWkyZGNCRHlFYzVkMkl3cGlsZ0djZE5wVGk5bnZzQ0NjbWhn?oc=5,The Indian Express
India Approves Takeda's TAK-003 Dengue Vaccine - AllSci,https://news.google.com/rss/articles/CBMikgFBVV95cUxNZ0pwUnNKcGs2T1FxYmhERW8walhDSGRUXzl4dGlqUE9PZklqQUkwYW5pVjMzQXRuVkl2WGotWFVDNlhqMnVsQ2NyY0V5em9JbEV4SnBaV1RGRDdncTZsVzRjSlN3Tm9kUTlRX0xLR2hNSFdTWUowY21nbTd1UlFocjZiWTQ2MjB5QnhNOUJmWU9ndw?oc=5,AllSci
"World Brain Day 2026: Theme, Significance & Best Brain Health Supplements - Netmeds",https://news.google.com/rss/articles/CBMiwwFBVV95cUxNOFZ2N0gxemZjM3k0ZUt1NWh1dWU1RXNGR25qaFdGQnlOc0tNTWZ0dk5zQ3ZIZm5VcDZNbEUzcVBsU01KUUhGN2VkTWhhaENHZVFBLUJQa3Q4VEVlU0dzOUh5MnRQaGhxY3JMejdHZFNQV2NMSFVsUEdaZmVYN0hpRllSS2w0MVVHSTgwVVp1NlpLOE9IRkEtaGlodXpId243Q3N5bUZiWlU5SmJpOFM1STlOWFZsZkhYUWFsQmpqblktZ2s?oc=5,Netmeds
PMOS Linked to 4-Fold Atherosclerotic Heart Disease Risk in 2.5 Million US Women - The American Journal of Managed Care® (AJMC®),https://news.google.com/rss/articles/CBMiqgFBVV95cUxNdjJnUWpGdHZuUXQ3alVoUTZoM3lxa21yVDFJMEx1bWtEQmpSTFJjMXlHVU5rb3lNOHB5RWNTclFZYnFIVFh2NHMxVGl4NUhjbjJVSFN2UXVkTXlHLXU0QUg1V0Q5YzBZUTdYZm1DWmk4VEpJRWhxd2M3bEJ6dDBKbi1IWkNaU0J0cERLb2x2RmtLbm5STTZjMFNWNGFNanlCQXNHUnNxZGoxdw?oc=5,The American Journal of Managed Care® (AJMC®)
"Jammu and Kashmir grapples weather fury for third day, civilian infrastructure massively damaged",https://www.thehindu.com/news/national/jammu-and-kashmir/jammu-and-kashmir-grapples-weather-fury-for-thirdday-civilian-infrastructure-massively-damaged/article71250494.ece,Unknown
Congress demands action against former Home Secretary over 1993 firing incident,https://www.thehindu.com/news/national/west-bengal/congressdemands-action-against-former-home-secretary-over-1993-firing-incident/article71250094.ece,Unknown
Outbound portability of medical scheme benefits Rajasthan’s patients,https://www.thehindu.com/sci-tech/health/outbound-portability-of-medical-scheme-benefits-rajasthans-patients/article71250061.ece,Unknown
West Asia war LIVE: Trump says will be hitting Pickaxe Mountain area 'pretty soon',https://www.thehindu.com/news/international/iran-israel-war-west-asia-21-july-2026-bahrain-kuwait-donald-trump-live-news/article71247944.ece,Unknown
Anant Raj Board approves demerger of Data Centre & Cloud Services business,https://www.thehindu.com/business/anant-raj-board-approves-demerger-of-data-centre-cloud-services-business/article71250782.ece,Unknown
Farmers stopped at Punjab-Haryana border en route to Delhi rally against India-U.S. trade deal,https://www.thehindu.com/news/national/haryana-police-close-shambu-border-ahead-of-farmers-motorcycle-rally/article71248028.ece,U.S. trade deal
Former Odisha CM Naveen Patnaik demands resignation of Education Minister Dharmendra Pradhan,https://www.thehindu.com/news/national/former-odisha-cm-naveen-patnaik-demands-resignation-of-education-minister-dharmendra-pradhan/article71250656.ece,Unknown
Uttar Pradesh cabinet approves free scooty scheme for college girls,https://www.thehindu.com/news/national/uttar-pradesh/uttar-pradesh-cabinet-approves-free-scooty-scheme-for-college-girls/article71250550.ece,Unknown
"Evenepoel wins time trial for back-to-back Tour de France stage victories, Pogacar still leads",https://www.thehindu.com/news/evenepoel-wins-time-trial-for-back-to-back-tour-de-france-stage-victories-pogacar-still-leads/article71251053.ece,"back Tour de France stage victories, Pogacar still leads"
Clean energy push is India’s answer to transition challenges: UN climate chief,https://www.thehindu.com/sci-tech/energy-and-environment/clean-energy-push-is-indias-answer-to-transition-challenges-un-climate-chief/article71249549.ece,Unknown
Russian envoy summoned over death of Indian crew,https://www.thehindu.com/news/national/killing-of-4-indian-seafarers-india-summons-russian-envoy/article71248169.ece,Unknown
KSU stages railway blockade in Kannur,https://www.thehindu.com/news/national/kerala/ksu-stages-railway-blockade-in-kannur/article71250283.ece,Unknown
Wangchuk shifted from Safdarjung Hospital to Medanta in Gurugram after Delhi HC order,https://www.thehindu.com/news/national/wangchuk-shifted-from-safdarjung-hospital-to-medanta-in-gurugram-after-delhi-hc-order/article71250823.ece,Unknown
"Thousands brave rain and regroup at CJP protest site, day after police crackdown",https://www.thehindu.com/news/national/braving-rain-thousands-re-group-at-cjp-protest-site-at-jantar-mantar/article71250187.ece,Unknown
Food safety drive: six eateries inspected in Kochi,https://www.thehindu.com/news/national/kerala/food-safety-drive-six-eateries-inspected-in-kochi/article71250565.ece,Unknown
Three of family from Hyderabad killed in California road accident,https://www.thehindu.com/news/cities/Hyderabad/three-of-family-from-hyderabad-killed-in-california-road-accident/article71250927.ece,Unknown
Political minefields: On the new Prime Minister of the United Kingdom,https://www.thehindu.com/opinion/editorial/political-minefields-on-the-new-prime-minister-of-the-united-kingdom/article71249912.ece,Unknown
NIA court allows special dietary arrangements for U.S. national accused in a terror case,https://www.thehindu.com/news/national/nia-court-allows-special-dietary-arrangements-for-us-national-accused-in-a-terror-case/article71250785.ece,Unknown
Police file four FIRs amid flak over crackdown on protesters,https://www.thehindu.com/news/cities/Delhi/police-file-four-firs-amid-flak-over-crackdown-on-protesters/article71251038.ece,Unknown
"Some of those detained were not even at protest site, families allege",https://www.thehindu.com/news/cities/Delhi/some-of-those-detained-were-not-even-at-protest-site-families-allege/article71251039.ece,Unknown
"Road safety board set up, but debate over powers persists",https://www.thehindu.com/news/cities/Delhi/road-safety-board-set-up-but-debate-over-powers-persists/article71251029.ece,Unknown
Kadhi chawal and solidarity: volunteers flock to Jantar Mantar with fuel and resolve,https://www.thehindu.com/news/cities/Delhi/kadhi-chawaland-solidarity-volunteers-flock-to-jantar-mantar-with-fuel-and-resolve/article71250863.ece,Unknown
"Smart property cards to be issued soon to Lal Dora residents, says Delhi CM",https://www.thehindu.com/news/cities/Delhi/smart-property-cards-to-be-issued-soon-to-lal-dora-residents-says-delhi-cm/article71250831.ece,Unknown
Study to evaluate impact of heat stress on health in Tamil Nadu and Karnataka,https://www.thehindu.com/news/national/tamil-nadu/study-to-evaluate-impact-of-heat-stress-on-health-in-tamil-nadu-and-karnataka/article71250181.ece,Unknown
Why Punjab’s Dalits remain divided,https://www.thehindu.com/opinion/op-ed/why-punjabs-dalits-remain-divided/article71250840.ece,Unknown
"Gold ornaments, bronze objects stolen from temple",https://www.thehindu.com/news/national/tamil-nadu/gold-ornaments-bronze-objects-stolen-from-temple/article71249850.ece,Unknown
BJP condemns Speaker’s observations on DMK MLA arrest,https://www.thehindu.com/news/national/tamil-nadu/bjp-condemns-speakers-observations-on-dmk-mla-arrest/article71250059.ece,Unknown
Around 1.75 tonnes of red sanders stolen from sandalwood depot,https://www.thehindu.com/news/national/tamil-nadu/around-175-tonnes-of-red-sanders-stolen-from-sandalwood-depot/article71249875.ece,Unknown
Two persons held for feeding gutka to baby,https://www.thehindu.com/news/national/tamil-nadu/two-persons-held-for-feeding-gutka-to-baby/article71249887.ece,Unknown
Residents demand relocation of Tasmac outlet near Cheyyar,https://www.thehindu.com/news/national/tamil-nadu/residents-demand-relocation-of-tasmac-outlet-near-cheyyar/article71249904.ece,Unknown
"Businessman from Kilpauk abducted during morning walk, police arrest 4 persons",https://www.thehindu.com/news/cities/chennai/businessman-from-kilpauk-abducted-during-morning-walk-police-arrest-4-persons/article71249247.ece,Unknown
Storage in Karnataka’s Cauvery reservoirs stands at 52% of total capacity as CWMA is set to review situation on July 22,https://www.thehindu.com/news/national/karnataka/storage-in-karnatakas-cauvery-reservoirs-stands-at-52-of-total-capacity-as-cwma-is-set-to-review-situation-on-july-22/article71250250.ece,Unknown
Centenarian regains mobility after complex hip replacement surgery,https://www.thehindu.com/news/national/karnataka/centenarian-regains-mobility-after-complex-hip-replacement-surgery/article71250471.ece,Unknown
Metrowater sets the ball rolling on the ageing sewer network upgrade in Chennai’s core areas,https://www.thehindu.com/news/cities/chennai/metrowater-sets-the-ball-rolling-on-the-ageing-sewer-network-upgrade-in-chennais-core-areas/article71250021.ece,Unknown
Applications invited for trustees in more temples,https://www.thehindu.com/news/cities/chennai/applications-invited-for-trustees-in-more-temples/article71250760.ece,Unknown
Karnataka High Court stays probe against man for tweet on Bantwal woman’s murder case,https://www.thehindu.com/news/national/karnataka/karnataka-high-court-stays-probe-against-man-for-tweet-on-bantwal-womans-murder-case/article71250279.ece,Unknown
"Awareness, early diagnosis crucial for treating severe heart valve disease, say doctors",https://www.thehindu.com/news/cities/chennai/awareness-early-diagnosis-crucial-for-treating-severe-heart-valve-disease-say-doctors/article71249909.ece,Unknown
Karnataka High Court seeks State’s response on plea seeking CBI probe into ‘illegalities’ in KPSC recruitments,https://www.thehindu.com/news/national/karnataka/karnataka-high-court-seeks-states-response-on-plea-seeking-cbi-probe-into-illegalities-in-kpsc-recruitments/article71249823.ece,Unknown
Kerala eyes major GCC investments with new strategic roadmap,https://www.thehindu.com/news/national/kerala/kerala-eyes-major-gcc-investments-with-new-strategic-roadmap/article71250001.ece,Unknown
"Pellet guns, shock batons used against protesters in Delhi; police deny",https://www.thehindu.com/news/national/pellet-guns-shock-batons-used-against-protesters-in-delhi-police-deny/article71250708.ece,Unknown
"CMRL’s phase II project made only 54.62% physical progress till June, says Union Minister",https://www.thehindu.com/news/cities/chennai/cmrls-phase-ii-project-made-only-5462-physical-progress-till-june-says-union-minister/article71249370.ece,Unknown
"Protesters, petrol pump, police... and one woman",https://www.thehindu.com/news/cities/Delhi/cjp-2026-delhi-protests-jantar-mantar-janpath-cockroach-janta-party/article71250802.ece,Unknown
Kochi metro introduces additional peak-hour services,https://www.thehindu.com/news/national/kerala/kochi-metro-introduces-additional-peak-hour-services/article71250736.ece,hour services
Couple allegedly attempt suicide in ambulance in front of Kerala HC,https://www.thehindu.com/news/national/kerala/couple-allegedly-attempt-suicide-in-ambulance-in-front-of-kerala-hc/article71248410.ece,Unknown
"Allot developed plots to farmers who gave land for Education Hub, CM tells officials",https://www.thehindu.com/news/national/telangana/allot-developed-plots-to-farmers-who-gave-land-for-education-hub-cm-tells-officials/article71250943.ece,Unknown
Toxic gas kills 12 in Sikkim hydropower tunnel,https://www.thehindu.com/news/national/sikkim/sikkim-tunnel-collapse-namchi-district-workers-trapped-death-toll-july-21/article71248097.ece,Unknown
"After Valparai tragedy, Pang schoolchildren turn to art for healing",https://www.thehindu.com/news/national/kerala/after-valparai-tragedy-pang-schoolchildren-turn-to-art-for-healing/article71249673.ece,Unknown
"IIT Roorkee asks students, staff to refrain from political activity without prior approval",https://www.thehindu.com/news/national/iit-roorkee-warns-students-against-social-media-support-to-political-movements-like-current-one/article71248877.ece,Unknown
Unannounced midnight detention of train upsets pilgrims’ travel plans to Guruvayur,https://www.thehindu.com/news/national/kerala/unannounced-midnight-detention-of-train-upsets-pilgrims-travel-plans-to-guruvayur/article71250101.ece,Unknown
"Vazhipadu materials to be procured and issued exclusively by Central Store, TDB tells Kerala HC",https://www.thehindu.com/news/national/kerala/vazhipadu-materials-to-be-procured-and-issued-exclusively-by-central-store-tdb-tells-kerala-hc/article71250660.ece,Unknown
"CFTRI, NABARD join hands to bolster agro-food processing in Kalyana Karnataka",https://www.thehindu.com/news/national/karnataka/cfrti-nabard-join-hands-to-bolster-agro-food-processing-in-kalyana-karnataka/article71249265.ece,food processing in Kalyana Karnataka
"Kin of seafarers killed in Hormuz attacks demand UN intervention, compensation, govt. jobs",https://www.thehindu.com/news/national/kin-of-seafarers-killed-in-hormuz-attacks-demand-un-intervention-compensation-govt-jobs/article71250319.ece,Unknown
"Tamil rapper Arivu detained during bid to protest against NEET near Secretariat in Chennai, CM Vijay meets him",https://www.thehindu.com/news/national/tamil-nadu/tamil-rapper-arivu-detained-during-bid-to-protest-against-neet-near-secretariat-in-chennai-cm-vijay-meets-him/article71249166.ece,Unknown
"Tribunal sets aside most of the FEMA violation charges against Lalit Modi, BCCI",https://www.thehindu.com/news/national/tribunal-sets-aside-most-of-the-fema-violation-charges-against-lalit-modi-bcci/article71250908.ece,Unknown
Unaided school staff cannot be denied gratuity or PF: SHRC,https://www.thehindu.com/news/national/kerala/unaided-school-staff-cannot-be-denied-gratuity-or-pf-shrc/article71250451.ece,Unknown
"Violence has no place in democracy, says Kerala CM",https://www.thehindu.com/news/national/kerala/violence-has-no-place-in-democracy-says-kerala-cm/article71250690.ece,Unknown
"Union Education Minister Pradhan says Rahul, Congress exploiting students; CJP's Jantar Mantar protest site draws Opposition leaders | LIVE",https://www.thehindu.com/news/national/cjp-protest-delhi-jantar-mantar-sonam-wangchuk-july-21-2026/article71247869.ece,Unknown
"Pawar, Kejriwal, other Opposition leaders visit Jantar Mantar after crackdown; back CJP protest",https://www.thehindu.com/news/national/pawar-kejriwal-other-opposition-leaders-visit-jantar-mantar-after-crackdown-back-cjp-protest/article71250952.ece,Unknown
"Rahul changed goalposts to end sit-in, says govt.; BJP terms protest at PM’s residence a ‘symbol of anarchy’",https://www.thehindu.com/news/national/sensitivity-of-protest-venue-stature-of-lop-led-to-quicker-talks-but-rahul-changed-goalposts-govt/article71250102.ece,"in, says govt.; BJP terms protest at PM’s residence a ‘symbol of anarchy’"
Revanth condemns detention of Rahul and Priyanka,https://www.thehindu.com/news/national/telangana/revanth-condemns-detention-of-rahul-and-priyanka/article71250948.ece,Unknown
Zelensky sacks Ukraine's top army commander after days of protests,https://www.bbc.co.uk/news/articles/cyvl35z3917o?at_medium=RSS&at_campaign=rss,Unknown
"Ann Widdecombe was hit on head 21 times with hammer, prosecutors say",https://www.bbc.co.uk/news/articles/cj03r77n07jo?at_medium=RSS&at_campaign=rss,Unknown
Burnham tells cabinet to tackle living costs at first meeting,https://www.bbc.co.uk/news/articles/cx2vp4x7gkxo?at_medium=RSS&at_campaign=rss,Unknown
"Iran war has cost US $37.5bn so far, Hegseth says, as Pentagon seeks billions more",https://www.bbc.co.uk/news/articles/c70gek2kqyno?at_medium=RSS&at_campaign=rss,Unknown
More young women in their 20s are getting type 2 diabetes,https://www.bbc.co.uk/news/articles/cdx8vw5k2x8o?at_medium=RSS&at_campaign=rss,Unknown
'I can't afford to turn the oven on': 7.4m households struggling to buy essentials,https://www.bbc.co.uk/news/articles/cglj9685nj0o?at_medium=RSS&at_campaign=rss,Unknown
"Great Apes kiss and cuddle to keep the peace, says study",https://www.bbc.co.uk/news/articles/c5y045vprg5o?at_medium=RSS&at_campaign=rss,Unknown
Judge rules Trump must hand over records sought by BBC in defamation case,https://www.bbc.co.uk/news/articles/c93487x97kyo?at_medium=RSS&at_campaign=rss,Unknown
'Play music loud to remember Ozzy' says Sharon on first anniversary of his death,https://www.bbc.co.uk/news/articles/cd7lnl9jzgyo?at_medium=RSS&at_campaign=rss,Unknown
Lebanese army says troops deploying in 'pilot zone' after Israeli withdrawal,https://www.bbc.co.uk/news/articles/cy8mynlmn55o?at_medium=RSS&at_campaign=rss,Unknown
"Tokyo urges men to wear shorts to work, but some women say it's 'leg hair harassment'",https://www.bbc.co.uk/news/articles/cvgwp513jpvo?at_medium=RSS&at_campaign=rss,Unknown
Brazil's Amazon sees sharp decline in size of area burned in 2025,https://www.bbc.co.uk/news/articles/cqx78eplqqlo?at_medium=RSS&at_campaign=rss,Unknown
"Sackings, cabinet surprises and policies: Burnham's first 24 hours as PM",https://www.bbc.co.uk/news/articles/c4gjz907pppo?at_medium=RSS&at_campaign=rss,Unknown
Three reasons why UK electricity prices are so high,https://www.bbc.co.uk/news/articles/cn8n5vnmjlzo?at_medium=RSS&at_campaign=rss,Unknown
Will AI help you do your job or replace you?,https://www.bbc.co.uk/news/articles/cn7nllr4vd6o?at_medium=RSS&at_campaign=rss,Unknown
I've got a motorway in my garden - it's my shelter in hot weather,https://www.bbc.co.uk/news/articles/c99l28kndr8o?at_medium=RSS&at_campaign=rss,it's my shelter in hot weather
Why Iran is risking so much over the Strait of Hormuz,https://www.bbc.co.uk/news/articles/cwymx3eevpjo?at_medium=RSS&at_campaign=rss,Unknown
Ryanair boss says 'foreign object' may have caused plane window incident,https://www.bbc.co.uk/news/articles/cy9wq82q1pgo?at_medium=RSS&at_campaign=rss,Unknown
Chelsea sign Morgan Rogers for British record transfer fee of £117m,https://www.bbc.co.uk/sport/football/articles/cy8enwn2xq4o?at_medium=RSS&at_campaign=rss,Unknown
Carney looking at 'all options' as Trump announces 50% tariffs on Canada,https://www.bbc.co.uk/news/articles/cg4dzq3x3e1o?at_medium=RSS&at_campaign=rss,Unknown
Russian warship carried out firing exercise off Plymouth coast,https://www.bbc.co.uk/news/articles/ce970jryrk3o?at_medium=RSS&at_campaign=rss,Unknown
Thames Water announces hosepipe ban for 10 million,https://www.bbc.co.uk/news/articles/crmrnvl2xw8o?at_medium=RSS&at_campaign=rss,Unknown
"Israeli strikes in Gaza kill 12, including family of six, medics say",https://www.bbc.co.uk/news/articles/c0qv0pdj18go?at_medium=RSS&at_campaign=rss,Unknown
Lindt's Easter chocolate sales fall after price hike,https://www.bbc.co.uk/news/articles/c74gxj937mmo?at_medium=RSS&at_campaign=rss,Unknown
BBC News app,https://www.bbc.co.uk/news/10628994?at_medium=RSS&at_campaign=rss,Unknown
Newscast,https://www.bbc.co.uk/sounds/play/p0nzs7bm?at_medium=RSS&at_campaign=rss,Unknown
Who is the new PM?,https://www.bbc.co.uk/iplayer/episode/m002zlct?at_medium=RSS&at_campaign=rss,Unknown
Chelsea sign £117m Rogers - what will he bring?,https://www.bbc.co.uk/sport/football/articles/cy8enwn2xq4o?at_medium=RSS&at_campaign=rss,what will he bring?
Bournemouth reject £64m bid from Chelsea for Scott,https://www.bbc.co.uk/sport/football/articles/c0rdn1p2z45o?at_medium=RSS&at_campaign=rss,Unknown
Littler throws nine-darter in superb Matchplay win,https://www.bbc.co.uk/sport/darts/articles/cn9nge10504o?at_medium=RSS&at_campaign=rss,darter in superb Matchplay win
What can Hearts pick from debris of ongoing summer of hurt?,https://www.bbc.co.uk/sport/football/articles/cz05re7pe7ko?at_medium=RSS&at_campaign=rss,Unknown
Iraola wants Mac Allister & Alisson to stay with Liverpool,https://www.bbc.co.uk/sport/football/articles/cpd7n21n2qno?at_medium=RSS&at_campaign=rss,Unknown
Fernandez defends Argentina as Messi questions remain,https://www.bbc.co.uk/sport/football/articles/c8jn91e9mdyo?at_medium=RSS&at_campaign=rss,Unknown
'They want us gone' - Man Utd fans' fury over ticket ultimatum,https://www.bbc.co.uk/sport/football/articles/c2elxzrpw4eo?at_medium=RSS&at_campaign=rss,Man Utd fans' fury over ticket ultimatum
"AI law may cover agent autonomy, deepfakes",https://indianexpress.com/article/business/economy/ai-law-may-cover-agent-autonomy-deepfakes-10797459/,Unknown
US-Iran War News Live Updates: US strikes Iran for 11th straight night as fight over Strait of Hormuz escalates,https://indianexpress.com/article/world/iran-war-live-updates-us-launches-11th-night-of-strikes-tehran-attacks-kuwait-trump-10797470/,Iran War News Live Updates: US strikes Iran for 11th straight night as fight over Strait of Hormuz escalates
"Census: Six months to go, government explores how to count caste",https://indianexpress.com/article/political-pulse/census-six-months-to-go-govt-explores-how-to-count-caste-10797398/,Unknown
What Hegseth’s $37.5 billion estimate reveals about the cost of the Iran war,https://indianexpress.com/article/world/pete-hegseth-iran-war-cost-senate-hearing-budget-10797455/,Unknown
"Future of youth beyond politics, says PM Modi, calls for ‘foolproof’ exams",https://indianexpress.com/article/india/future-of-youth-beyond-politics-says-pm-modi-calls-for-foolproof-exams-10797435/,Unknown
"Government signal: Ready for debate, demand for resignation political",https://indianexpress.com/article/education/government-signal-ready-for-debate-demand-for-resignation-political-10797437/,Unknown
"Day after, injured back at Jantar Mantar protest site: ‘Weak in body, not in resolve’",https://indianexpress.com/article/cities/delhi/day-after-injured-back-at-jantar-mantar-protest-site-weak-in-body-not-in-resolve-10797436/,Unknown
Government rescinds incorrect Rajya Sabha election results notification,https://indianexpress.com/article/india/government-rescinds-incorrect-rajya-sabha-election-results-notification-10797423/,Unknown
"J&K activist, journalist all set to walk out on bail as Delhi HC refuses to stay their release in UAPA case",https://indianexpress.com/article/legal-news/jk-activist-journalist-all-set-to-walk-out-on-bail-as-delhi-hc-refuses-to-stay-their-release-in-uapa-case-10797420/,Unknown
"Heavy rains likely in Pune Ghats, red alert issued",https://indianexpress.com/article/cities/pune/heavy-rains-likely-in-pune-ghats-red-alert-issued-10797408/,Unknown
Gujarat in education ministry’s ‘red zone’  as secondary school dropouts surge,https://indianexpress.com/article/cities/ahmedabad/gujarat-education-ministry-red-zone-secondary-school-dropouts-10797399/,Unknown
Delhi government to issue Smart Property Cards in 48 Lal Dora villages,https://indianexpress.com/article/cities/delhi/delhi-government-to-issue-smart-property-cards-in-48-lal-dora-villages-10797342/,Unknown
Hanumankind attends CJP’s Jantar Mantar protest as Indian rap community backs NEET stir,https://indianexpress.com/article/cities/delhi/hanumankind-attends-cjps-jantar-mantar-protest-as-indian-rap-community-backs-neet-stir-10797383/,Unknown
‘Doing seva’: Meet volunteers keeping Jantar Mantar functioning and clean,https://indianexpress.com/article/cities/delhi/jantar-mantar-protest-volunteers-cjp-sonam-wangchuk-education-reforms-10797358/,Unknown
"Farmer leader Raju Shetti, Mahadev Jankar picked up by Delhi police",https://indianexpress.com/article/cities/pune/raju-shetti-mahadev-jankar-detained-delhi-police-kisan-ghat-protest-india-us-trade-deal-10797349/,Unknown
‘Would tell him salary of cook’: R Madhavan on teaching son Vedaant respect; expert reflects,https://indianexpress.com/article/lifestyle/r-madhavan-parenting-tips-vedaant-gratitude-respect-children-10780289/,Unknown
BJP’s Pooja Wadhwa becomes Abohar’s first woman Mayor,https://indianexpress.com/article/cities/chandigarh/bjps-pooja-wadhwa-elected-abohars-first-woman-mayor-sunil-jakhar-aap-10797344/,Unknown
The Pune ‘witch’ working magic with water hyacinth,https://indianexpress.com/article/cities/pune/the-pune-witch-working-magic-with-water-hyacinth-10797335/,Unknown
"Day after police stopped them, over 500 gather at Mumbai’s Shivaji Park backing CJP",https://indianexpress.com/article/cities/mumbai/shivaji-park-protest-mumbai-cjp-dharmendra-pradhan-resignation-demand-10797310/,Unknown
"Madhya Pradesh Assembly passes UCC Bill, Congress slams ‘RSS agenda’",https://indianexpress.com/article/india/madhya-pradesh-assembly-passes-ucc-bill-congress-slams-rss-agenda-10797329/,Unknown
‘Fun guy’ Pranesh M becomes latest grandmaster to beat world champion D Gukesh,https://indianexpress.com/article/sports/chess/pranesh-m-latest-grandmaster-to-beat-world-champion-gukesh-10797324/,Unknown
"UP Assembly Monsoon session from August 3: Supplementary budget, ordinance replacement bills on agenda",https://indianexpress.com/article/cities/lucknow/up-assembly-monsoon-session-from-august-3-supplementary-budget-ordinance-replacement-bills-on-agenda-10797323/,Unknown
"Actor Amol Parashar says he joined CJP protest, saw youngsters bleeding: ‘Cried myself to sleep’",https://indianexpress.com/article/entertainment/actor-amol-parashar-says-he-joined-cjp-protest-saw-youngsters-bleeding-cried-myself-to-sleep-10797268/,Unknown
"Woman, her two minor children die in fire at Lodhi Colony residence in Delhi",https://indianexpress.com/article/cities/delhi/delhi-fire-lodhi-colony-woman-two-daughters-killed-10797309/,Unknown
"Arijit Singh not coming back with Awarapan 2, confirms manager: ‘Old commitments’",https://indianexpress.com/article/entertainment/bollywood/arijit-singh-not-returning-from-retirement-awarapan-2-manager-emraan-hashmi-10797096/,Unknown
Amitabh Bachchan clarifies he didn’t undergo surgery: ‘It’s a misunderstood post’,https://indianexpress.com/article/entertainment/bollywood/amitabh-bachchan-clarifies-did-not-undergo-surgery-misunderstood-post-10797208/,Unknown
5 of India’s oldest markets that have survived for centuries,https://indianexpress.com/article/lifestyle/destination-of-the-week/5-of-indias-oldest-markets-that-have-survived-for-centuries-10787989/,Unknown
"Trump dismisses Houthi Red Sea blockade threat, says ‘US ready to respond’",https://indianexpress.com/article/world/donald-trump-houthi-red-sea-blockade-us-response-saudi-arabia-10797264/,Unknown
Uttar Pradesh Cabinet approves purchase of 250 electric buses for state transport fleet,https://indianexpress.com/article/news-today/uttar-pradesh-cabinet-approves-purchase-of-250-electric-buses-10796962/,Unknown
Uttar Pradesh Cabinet approves Monsoon Session,https://indianexpress.com/article/news-today/uttar-pradesh-cabinet-approves-monsoon-session-10796936/,Unknown
Emi Martinez contemplates on ‘if it’s time to step aside’ after defeat to Spain,https://indianexpress.com/article/sports/football/emiliano-martinez-step-aside-argentina-loss-spain-world-cup-10797257/,Unknown
"18 hour shifts, paid after 90 days: Actor Sudhir Pandey, 72, says deserves ‘better industry’",https://indianexpress.com/article/entertainment/television/18-hour-shifts-paid-after-90-days-actor-sudhir-pandey-72-says-deserves-better-industry-10796764/,Unknown
Full list of Indian athletes competing at Commonwealth Games 2026,https://indianexpress.com/article/sports/full-list-of-indian-athletes-competing-commonwealth-games-2026-10797172/,Unknown
"Delhi police offered Ramlila Maidan, we rejected it: Omar on statehood protest",https://indianexpress.com/article/india/why-allies-couldnt-keep-their-delhi-date-with-omar-abdullah-10797288/,Unknown
"Jantar Mantar echo in Tamil Nadu: Rapper Arivu detained during protest, later invited by Vijay",https://indianexpress.com/article/india/jantar-mantar-tamil-nadu-rapper-arivu-protest-vijay-10797236/,Unknown
"Rain fury continues in J&K, government extends school holidays, suspends all pilgrimages",https://indianexpress.com/article/india/jammu-rains-school-holidays-july-26-floods-amarnath-yatra-suspended-10797277/,Unknown
"Archie comics reintroduces Scarlet Saltee, inspires conversations on autism and inclusion",https://indianexpress.com/article/cities/pune/archie-comics-reintroduces-autistic-character-scarlet-saltee-10797272/,Unknown
He thought CCTV was off: Belagavi jeweller’s Rs 60-lakh fake robbery plot busted in 4 days,https://indianexpress.com/article/cities/bangalore/belagavi-jeweller-fake-robbery-gold-arrested-10797227/,lakh fake robbery plot busted in 4 days
"Panchkula Police sets up 12 checkpoints, deploys 10 bike response units",https://indianexpress.com/article/cities/chandigarh/panchkula-police-checkpoints-irb-personnel-crime-prevention-10797265/,Unknown
"Rahul Gandhi’s sudden sit-in surprised police, ‘arrangements were done for Vijay Chowk’",https://indianexpress.com/article/cities/delhi/rahul-gandhi-pm-modi-residence-protest-delhi-police-intelligence-lapse-10797260/,"in surprised police, ‘arrangements were done for Vijay Chowk’"
Farmer leader & BJP ally Khot calls protesting students terrorists,https://indianexpress.com/article/cities/pune/bjp-sadabhau-khot-terrorist-remark-neet-protest-delhi-outrage-10797254/,Unknown
"UPSC Prelims 2027 Polity Quiz (Week 172): MCQs on Prevention of Insults to National Honour (Amendment) Bill, 2026, Autonomous District Councils and more",https://indianexpress.com/article/upsc-current-affairs/upsc-essentials/upsc-prelims-2027-polity-quiz-week-172-10797230/,Unknown
"Ramayana: Ranbir Kapoor in a double role, here’s who plays whom in Nitesh Tiwari’s epic",https://indianexpress.com/article/entertainment/bollywood/ramayana-ranbir-kapoor-in-a-double-role-heres-who-plays-whom-in-nitesh-tiwaris-epic-10797124/,Unknown
"Mohanlal’s heroine, Kamal Haasan’s on-screen sister, Sreeja quit cinema to marry a fan",https://indianexpress.com/article/entertainment/malayalam/actor-sreeja-why-she-left-films-husband-sandhana-pandian-sevvanthi-mohanlal-10796165/,"screen sister, Sreeja quit cinema to marry a fan"
Why everyone is talking about Saif Ali Khan’s tie at Lord’s,https://indianexpress.com/article/lifestyle/fashion/saif-ali-khan-old-wykehamist-tie-ind-vs-eng-match-lords-10796065/,Unknown
"On losing spree, how Chess Olympiad could be the tonic world champ Gukesh needs",https://indianexpress.com/article/sports/chess/gukesh-losing-spree-chess-olympiad-tonic-chennai-grand-masters-10797234/,Unknown
"The Daily Catch-Up: Parliament showdown, Delhi protests and more",https://indianexpress.com/article/india/delhi-protests-neet-controversy-sonam-wangchuk-daily-catchup-10797218/,"Up: Parliament showdown, Delhi protests and more"
Gujarat High Court questions repeated changes of prosecutor in 2019 custodial death case of Telangana migrant,https://indianexpress.com/article/legal-news/gujarat-hc-questions-changes-of-prosecutor-custodial-death-case-of-migrant-10797052/,Unknown
Why Rahul Gandhi took the paper leak fight to PM’s doorstep,https://indianexpress.com/article/political-pulse/neet-protest-congress-rahul-gandhi-pm-modi-residence-detention-10797204/,Unknown
What Columbia University’s ‘return to US’ advisory means for Indian students,https://indianexpress.com/article/world/columbia-university-advisory-indian-students-us-visa-rules-dhs-september-deadline-10797195/,Unknown
La Liga chief Tebas slams Infantino for ‘destroying football industry’,https://indianexpress.com/article/sports/football/la-liga-javier-tebas-slams-gianni-infantino-destroying-football-10797151/,Unknown
IIM Calcutta to prepare management case study on BJP’s Bengal poll campaign,https://indianexpress.com/article/education/iim-calcutta-develops-case-study-on-bjps-bengal-poll-win-2026-10797006/,Unknown
‘Freedom struggle’: Prakash Raj shares CJP protest clip; Honey Singh cancels teaser,https://indianexpress.com/article/entertainment/bollywood/cjp-protest-like-freedom-struggle-prakash-raj-shares-jantar-mantar-clip-honey-singh-cancels-teaser-10797027/,Unknown
Madhavan to host Farooq Shaikh’s Jeena Isi Ka Naam Hai: ‘I’ll carry forward the legacy’,https://indianexpress.com/article/entertainment/web-series/madhavan-to-host-farooq-shaikhs-jeena-isi-ka-naam-hai-ill-carry-forward-the-legacy-10797040/,Unknown
"Commonwealth Games 2026: Who will win India medals, and how many?",https://indianexpress.com/article/sports/commonwealth-games-2026-who-will-win-india-medals-how-many-10797193/,Unknown
"UPSC Key: Dengue Vaccine, Right to protest and EPF Scheme",https://indianexpress.com/article/upsc-current-affairs/upsc-key-dengue-vaccine-right-to-protest-and-epf-scheme-10797194/,Unknown
Rahul Gandhi’s protest outside PM home ‘delays’ Karnataka Cabinet expansion,https://indianexpress.com/article/cities/bangalore/karnataka-cabinet-expansion-delayed-rahul-gandhi-protest-10797182/,Unknown
Brand Chandigarh: From planned city to premium India,https://indianexpress.com/article/cities/chandigarh/brand-chandigarh-from-planned-city-to-premium-india-10797122/,Unknown
Legionnaires’ disease outbreak: What to know after fourth death in New York City,https://indianexpress.com/article/lifestyle/health/legionnaires-disease-outbreak-new-york-city-fourth-death-10796166/,Unknown
‘Most frightening face of BJP rule’: Aaditya Thackeray on lathi charge on CJP protesters,https://indianexpress.com/article/cities/mumbai/most-frightening-face-of-bjp-rule-aaditya-thackeray-on-lathi-charge-on-cjp-protesters-10797129/,Unknown
OpenAI briefly hit pause on a powerful AI model before release: Here’s why,https://indianexpress.com/article/technology/artificial-intelligence/openai-hit-pause-powerful-ai-model-before-release-10797149/,Unknown
"Bengaluru girl lured on pretext of temple visit, forced to drink alcohol and raped",https://indianexpress.com/article/cities/bangalore/bengaluru-girl-lured-temple-visit-alcohol-sexual-assault-10797142/,Unknown
Viking 1 at 50: Why scientists still debate whether Nasa Mars lander found signs of life,https://indianexpress.com/article/technology/tech-news-technology/viking-1-at-50-why-scientists-still-debate-whether-nasa-mars-lander-found-signs-of-life-10797097/,Unknown
"Martyrs’ Day revelations: Mamata remains crowd puller, ‘rebel TMC’ unimpressive, Congress springs surprise",https://indianexpress.com/article/political-pulse/martyrs-day-revelations-mamata-remains-crowd-puller-rebel-tmc-unimpressive-congress-springs-surprise-10797136/,Unknown
"Vijay Singh to continue on board of Sir Dorabji Tata Trust, 6 smaller trusts",https://indianexpress.com/article/business/vijay-singh-to-continue-on-board-of-sir-dorabji-tata-trust-6-smaller-trusts-10797105/,Unknown
Raza on Sooryavanshi: ‘Criticising him after just 2 or 3 matches not justified’,https://indianexpress.com/article/sports/cricket/sikandar-raza-vaibhav-sooryavanshi-criticism-not-justified-10797055/,Unknown
ED raids 3 Bengaluru men after Dutch entity alleges $10-million crypto scam,https://indianexpress.com/article/cities/bangalore/ed-crypto-scam-bengaluru-35-million-dutch-entity-probe-10797045/,million crypto scam
"After Mumbai’s NEET protests, hundreds of youngsters get police notices on WhatsApp",https://indianexpress.com/article/cities/mumbai/after-mumbais-neet-protests-hundreds-of-youngsters-get-police-notices-on-whatsapp-10797098/,Unknown
How glacial lake expansion adds to the growing concerns about GLOFs,https://indianexpress.com/article/upsc-current-affairs/upsc-essentials/how-glacial-lake-expansion-adds-to-the-growing-concerns-about-glofs-10797038/,Unknown
"Aamir Khan’s half-brother struggling even for food, stays in a chawl: Ex wife Eva Grover",https://indianexpress.com/article/entertainment/television/aamir-khans-half-brother-struggling-even-for-food-stays-in-chawl-ex-wife-eva-grover-10796785/,"brother struggling even for food, stays in a chawl: Ex wife Eva Grover"
Indian-origin scientist resigns from California’s Salk Institute after sexual misconduct allegations,https://indianexpress.com/article/world/satchidananda-panda-salk-institute-resignation-sexual-misconduct-allegations-10796977/,origin scientist resigns from California’s Salk Institute after sexual misconduct allegations
How Rahul Gandhi pulled off his secret protest plan at PM’s residence,https://indianexpress.com/article/india/rahul-gandhi-sit-in-protest-pm-modi-residence-cjp-jantar-mantar-10797083/,Unknown
"Learning app continues loan deductions despite ‘cancellation’, parent wins Rs 30,000",https://indianexpress.com/article/legal-news/learning-app-loan-deductions-cancellation-parent-wins-rs-30000-10796857/,Unknown
‘It did hurt’: What Raghu Dixit’s marriage says about age-gap relationships,https://indianexpress.com/article/lifestyle/feelings/age-gap-relationships-raghu-dixit-marriage-love-counsellor-10784058/,gap relationships
"After Delhi protest, what comes next for Omar Abdullah and his J&K statehood demand",https://indianexpress.com/article/explained/explained-politics/jammu-kashmir-statehood-restoration-omar-abdullah-nc-protest-10797050/,Unknown
"On safeguards against ‘bulldozer justice’, why Allahabad HC delivered a split verdict",https://indianexpress.com/article/explained/explained-law/bulldozer-justice-allahabad-hc-safeguard-10797063/,Unknown
"Ping pong: Fave of Torres, Gavi’s Spain & why Sathiyan thinks fans must play it",https://indianexpress.com/article/sports/ping-pong-torres-gavi-spain-wind-down-sathiyan-table-tennis-10797036/,Unknown
"SBI Funds Management makes market debut at 7% premium, below grey-market expectations",https://indianexpress.com/article/business/sbi-funds-management-ipo-listing-shares-debut-nse-analysts-outlook-10797061/,market expectations
Shabana Azmi suffers asthma attack due to tear gas during CJP protest: ‘My salaam to students’,https://indianexpress.com/article/entertainment/shabana-azmi-suffered-asthma-attack-due-to-tear-gas-at-cjp-protest-interview-10796985/,Unknown
"Mysuru man kills wife, daughters and himself at home after sending mother away",https://indianexpress.com/article/cities/bangalore/mysuru-family-deaths-suicide-debt-angle-probe-10797011/,Unknown
"Demanded Rs 800 ‘extra’ for hotel check-in, Kerala man wins Rs 8,400 payout",https://indianexpress.com/article/legal-news/oyo-hotels-and-homes-rs-800-guest-gets-rs-8000-in-compensation-10796463/,"in, Kerala man wins Rs 8,400 payout"
"Roblox launches AI-powered Build tool, expands Hindi support across platform",https://indianexpress.com/article/technology/gaming/roblox-launches-ai-powered-build-tool-expands-hindi-support-across-platform-10796900/,"powered Build tool, expands Hindi support across platform"
"After a villa in Khar, John Abraham buys Rs 84 crore bungalow in Mumbai’s Bandra",https://indianexpress.com/article/entertainment/bollywood/john-abraham-buys-rs-84-crore-bungalow-in-bandra-prime-real-estate-10796890/,Unknown
Tilak Varma on strike rate criticism: Going there and hitting doesn’t make sense,https://indianexpress.com/article/sports/cricket/tilak-varma-strike-rate-criticism-first-ball-hit-india-10797025/,Unknown
"83-yr-old woman loses Rs 2 lakh in 18 min of ‘fraudulent’ call, wins Rs 94,339 from bank",https://indianexpress.com/article/legal-news/83-yr-old-woman-rs-2-lakh-18-min-fraudulent-call-rs-94339-bank-10796815/,"old woman loses Rs 2 lakh in 18 min of ‘fraudulent’ call, wins Rs 94,339 from bank"
Paredes’ red card for ugly brawl with Spain players ‘deleted’ by FIFA: Report,https://indianexpress.com/article/sports/football/leandro-paredes-red-card-deleted-brawl-spain-world-cup-fifa-10796964/,Unknown
"With a page out of China book, Tamil Nadu maintains lead in share of women workers",https://indianexpress.com/article/business/tamil-nadu-maintains-lead-in-share-of-women-workers-10796860/,Unknown
Cockroach Janta Party sacks Vijeta Dahiya as spokesperson after viral video,https://indianexpress.com/article/cities/delhi/cockroach-janta-party-vijeta-dahiya-spokesperson-burger-viral-video-10796877/,Unknown
"Hanumankind joins CJP protest, slams police action: ‘No justification for this’",https://indianexpress.com/article/entertainment/hanumankind-joins-cjp-protest-slams-police-action-no-justification-for-this-10796897/,Unknown
"‘Terrible’: Bombay HC steps in to save mangroves, orders removal of encroachments at Kandivali pond",https://indianexpress.com/article/cities/mumbai/terrible-bombay-hc-steps-in-to-save-mangroves-orders-removal-of-encroachments-at-kandivali-pond-10796944/,Unknown
Samsung launches first Galaxy credit card with up to 5% cash rewards,https://indianexpress.com/article/technology/tech-news-technology/samsung-launches-first-galaxy-credit-card-with-up-to-5-cash-rewards-10796965/,Unknown
"Beed student claims 522 marks in NEET-UG, alleges NTA awarded only 95; moves Bombay HC",https://indianexpress.com/article/education/maharashtra-beed-student-claims-522-marks-alleges-nta-awarded-95-only-goes-to-bombay-high-court-10796959/,"UG, alleges NTA awarded only 95; moves Bombay HC"
"Installed ‘faulty’ lift for ailing wife, mother at home, man wins Rs 1.25 lakh payout",https://indianexpress.com/article/legal-news/installed-faulty-lift-ailing-wife-mother-home-wins-rs-1-25-lakh-10796796/,Unknown
"After 35, belly fat can have different causes. Here’s what matters",https://indianexpress.com/article/lifestyle/health/stress-belly-vs-hormonal-belly-body-fat-distribution-women-after-35-10517476/,Unknown
"No locker theft in public sector banks in FY26, 40 cases in last five years",https://indianexpress.com/article/business/banking-and-finance/locker-theft-public-banks-fy26-40-cases-in-last-five-years-10796792/,Unknown
Supreme Court suggests Sonam Raghuvanshi surrender in Meghalaya honeymoon murder case,https://indianexpress.com/article/legal-news/supreme-court-sonam-raghuvanshi-surrender-meghalaya-honeymoon-murder-case-10796939/,Unknown
Pakistan’s cycle ambulance sparks memes online. But there’s more to the story,https://indianexpress.com/article/trending/trending-in-india/pakistan-cycle-ambulance-karachi-rescue-1122-explained-10796921/,Unknown
61-year-old woman missing since July 15 found stuffed in suitcase in Bengaluru lake,https://indianexpress.com/article/cities/bangalore/body-stuffed-suitcase-found-floating-bengaluru-lake-10796923/,old woman missing since July 15 found stuffed in suitcase in Bengaluru lake
"Today News Headlines for School Assembly, July 22, 2026: Priyanka, Rahul Gandhi detained while protesting outside PM residence",https://indianexpress.com/article/education/today-news-headlines-for-school-assembly-22-july-2026-cjp-protest-rahul-gandhi-protest-outside-pm-modi-residence-students-tharoor-ugc-net-fellowship-10796904/,Unknown
"Top 10 World’s Cities Most at Risk from Extreme Heat: Al Basrah tops list, 3 Indian cities make it to top 10",https://indianexpress.com/article/trending/top-10-listing/top-10-worlds-cities-most-at-risk-from-extreme-heat-al-basrah-tops-list-3-indian-cities-make-it-to-top-10-10796844/,Unknown
"‘Man from Shah Rukh Khan’s company said we won’t let you work in Mumbai’, claims Raazi writer",https://indianexpress.com/article/entertainment/bollywood/shah-rukh-khan-red-chillies-entertainment-wont-let-you-work-in-mumbai-raazi-writer-harinder-singh-sikka-10796799/,Unknown
"From the Urdu Press: ‘Modi govt must reach out to angry youth protesters, restore their trust’",https://indianexpress.com/article/political-pulse/from-the-urdu-press-modi-govt-must-reach-out-to-angry-youth-protesters-restore-their-trust-10796859/,Unknown
"CJP protest in Mumbai: Police issue prohibitory orders – What’s allowed, what’s not?",https://indianexpress.com/article/cities/mumbai/cjp-protest-in-mumbai-police-issues-prohibitory-orders-whats-allowed-whats-not-10796902/,Unknown
Democracy needs dissent. It also needs institutions,https://indianexpress.com/article/opinion/columns/democracy-needs-dissent-it-also-needs-institutions-10796918/,Unknown
India announce 20-member squad for Hockey World Cup,https://indianexpress.com/article/sports/hockey/india-announce-20-member-squad-for-hockey-world-cup-10796885/,member squad for Hockey World Cup
"Why this Uber driver earning Rs 80,000 in rent still works 12 hours after a heart attack",https://indianexpress.com/article/trending/trending-in-india/delhi-uber-driver-rs-80000-rental-income-heart-attack-inspiration-10796862/,Unknown
"Mamata Banerjee on CJP’s Jantar Mantar protest: ‘If need be, I will go…’",https://indianexpress.com/article/cities/kolkata/mamata-banerjee-cjps-jantar-mantar-protest-10796861/,Unknown
"Bengaluru civic body officials assaulted during anti-encroachment drive, 10 arrested",https://indianexpress.com/article/cities/bangalore/bengaluru-gba-officials-assaulted-footpath-encroachment-drive-10-arrested-10796871/,"encroachment drive, 10 arrested"
‘Government should respond to these terrorists’: Maharashtra MLC on Delhi protesters,https://indianexpress.com/article/cities/pune/sadabhau-khot-cjp-protesters-terrorists-remark-controversy-10796875/,Unknown
VTU and Google enters agreement to provide training for engineering students in Karnataka,https://indianexpress.com/article/education/visvesvaraya-vtu-google-enters-agreement-provide-training-engineering-students-in-karnataka-10796850/,Unknown
Sri Sri Ravi Shankar ashram ‘encroached’ on land beyond lease limits; SIT to probe,https://indianexpress.com/article/cities/bangalore/art-of-living-land-encroachment-probe-10796842/,Unknown
Commonwealth Games 2026: Who are India’s top medal contenders at Glasgow,https://indianexpress.com/article/sports/commonwealth-games-india-medal-contenders-neeraj-lovlina-mirabai-10796757/,Unknown
Lohagad wasn’t first choice: Pune Rural police reveal fresh details in Ketan murder probe,https://indianexpress.com/article/cities/pune/ketan-agarwal-murder-case-siya-goyal-chetan-chaudhary-lohagad-fort-police-probe-10796841/,Unknown
"Why Satheesan govt stand on Waqf Board has left IUML, Muslim bodies fuming",https://indianexpress.com/article/political-pulse/why-satheesan-govt-stand-on-waqf-board-has-left-iuml-muslim-bodies-fuming-10796838/,Unknown
"Amitabh Bachchan, 83, reveals ICU stay; calls ‘homecoming’ the hardest phase",https://indianexpress.com/article/lifestyle/health/amitabh-bachchan-83-surgery-icu-difficult-homecoming-recovery-psychological-experts-10796622/,Unknown
Tinder relationship turning ‘sour’ can’t trigger rape case: Uttarakhand High Court,https://indianexpress.com/article/legal-news/tinder-relationship-sour-trigger-rape-case-uttarakhand-high-court-10796564/,Unknown
Why Aryan Khan never smiles in public? Raghav Juyal says Shah Rukh’s son ‘doesn’t want to fake it’,https://indianexpress.com/article/entertainment/bollywood/why-aryan-khan-never-smiles-in-public-raghav-juyal-says-shah-rukhs-son-doesnt-want-to-fake-it-10796619/,Unknown
"Doctor, hospital to pay Rs 5 lakh for woman’s injury after ‘negligent’ hysterectomy",https://indianexpress.com/article/legal-news/doctor-hospital-womans-injury-negligent-hysterectomy-10796631/,Unknown
Shwetha Menon denies taking money from BJP: ‘Fight is solely against power group in cine body’,https://indianexpress.com/article/entertainment/malayalam/shwetha-menon-amma-bjp-allegations-hema-committee-power-group-reply-10796597/,Unknown
Imtiaz Ali says he’s ‘apolitical’: ‘Restrictive if you have a fixed political agenda’,https://indianexpress.com/article/entertainment/bollywood/imtiaz-ali-apolitical-restrictive-if-you-have-a-fixed-political-agenda-10796605/,Unknown
‘People will think twice about sailor jobs’: UP village mourns man killed in Russian strike,https://indianexpress.com/article/cities/lucknow/abhishek-nishad-uttar-pradesh-sailor-killed-russian-missile-strike-10796790/,Unknown
"After CJP protests, India is angry. Why are we still asking the wrong questions?",https://indianexpress.com/article/fresh-take/cjp-protest-delhi-streets-neet-paper-leak-unemployment-kamra-arundhati-roy-cockroach-janta-party-10796595/,Unknown
"Cold storage sells farmer’s 48,000 kg carrots without consent, ordered to pay Rs 31.5 lakh",https://indianexpress.com/article/legal-news/cold-storage-carrots-consent-farmer-rs-31-lakh-payout-10796337/,Unknown
"Booking app to pay Rs 21,000 for not refunding cancelled flight ticket",https://indianexpress.com/article/legal-news/booking-rs-21000-for-not-refunding-cancelled-flight-ticket-10796552/,Unknown
"Top 10 Oil Producing Countries in the World: USA leads, Kuwait closes list",https://indianexpress.com/article/trending/top-10-listing/top-10-oil-producing-countries-in-the-world-usa-leads-kuwait-closes-list-10796623/,Unknown
"For aggrieved homebuyers, why enforcing a RERA order is more difficult than obtaining one",https://indianexpress.com/article/explained/explained-law/rera-order-enforcement-parsvnath-developers-supreme-court-10796739/,Unknown
Knowledge Nugget: India’s Core Industries Index gets a major overhaul. Here’s what changed,https://indianexpress.com/article/upsc-current-affairs/upsc-essentials/knowledge-nugget-index-of-core-industries-ici-iip-nine-core-iron-10796627/,Unknown
Gautami Kapoor defends husband Ram Kapoor amid Shreya Kalra row: ‘That’s the way he is’,https://indianexpress.com/article/entertainment/web-series/gautami-kapoor-defends-husband-ram-kapoor-amid-shreya-kalra-row-thats-the-way-he-is-10794968/,Unknown
Beyond home and work: ‘Third spaces’ might be the secret antidote to India’s loneliness problem,https://indianexpress.com/article/lifestyle/third-spaces-secret-antidote-india-loneliness-epidemic-10786011/,Unknown
Gujarat in education ministry’s ‘red zone’ as secondary school dropouts surge,https://indianexpress.com/article/cities/ahmedabad/gujarat-school-dropout-rate-2025-26-secondary-enrolment-10796651/,Unknown
"As 2-letter number plate series nears end, Pune RTO plans digit-letter combo",https://indianexpress.com/article/cities/pune/pune-rto-alphanumeric-vehicle-registration-series-proposal-10796663/,letter combo
"Up to 5 cups of coffee a day safe for most adults, say new heart guidelines: Top cardio decodes",https://indianexpress.com/article/health-wellness/coffee-heart-health-aha-review-black-coffee-caffeine-benefits-energy-drinks-10796625/,Unknown
"Kangana Ranaut says MPs feared mob attack during CJP protest, calls Delhi Police their ‘shield’",https://indianexpress.com/article/entertainment/bollywood/kangana-ranaut-cjp-protest-mps-feared-mob-attack-delhi-police-shield-10796444/,Unknown
"Opposition rallies behind protesters, Rahul Gandhi holds sit-in outside PM residence",https://indianexpress.com/article/india/rahul-gandhi-priyanka-gandhi-vadra-sit-in-pm-modi-residence-crackdown-student-delhi-10796664/,in outside PM residence
77-year-old Bengaluru flying school to restart after years of uncertainty,https://indianexpress.com/article/cities/bangalore/jakkur-flying-school-bengaluru-resumes-training-after-dgca-approval-10796616/,old Bengaluru flying school to restart after years of uncertainty
IIT-Roorkee tells students not to ‘show affinity to political movements like the one currently’,https://indianexpress.com/article/india/iit-roorkee-bans-students-staff-cjp-protest-mahua-moitra-reacts-10796637/,Roorkee tells students not to ‘show affinity to political movements like the one currently’
He couldn’t find anyone to fund his movie. Now this Adivasi filmmaker has won a National Film Award,https://indianexpress.com/article/india/angen-national-film-award-ravi-raj-murmu-first-santhali-film-winner-10796628/,Unknown
"At resurrected Jantar Mantar stage, the scars of violence and defiant slogans",https://indianexpress.com/article/cities/delhi/cjp-protest-jantar-mantar-violence-slogans-10796614/,Unknown
"‘Modi government mentally ill, needs hospitalisation’: Raj Thackeray slams student protest crackdown",https://indianexpress.com/article/cities/pune/raj-thackeray-sonam-wangchuk-student-protest-narendra-modi-government-10796618/,Unknown
"Man ‘tries to bribe’ IIT-JEE officer, Punjab and Haryana High Court denies pre-arrest bail",https://indianexpress.com/article/legal-news/bribe-iit-jee-officer-punjab-and-haryana-high-court-denies-bail-10796583/,arrest bail
"No stay on Kerala Waqf Board curbs, Supreme Court drops government oversight clause",https://indianexpress.com/article/legal-news/sc-kerala-waqf-board-high-court-order-government-supervision-10796621/,Unknown
"CJP protest: As police cracks down in Delhi, an ‘alert’ Mumbai turns fortress",https://indianexpress.com/article/cities/mumbai/cjp-protest-as-police-cracks-down-in-delhi-an-alert-mumbai-turns-fortress-10796608/,Unknown
"Ramayana: Anupam Kher roped in as Jatayu’s voice, Amitabh Bachchan rumours put to rest",https://indianexpress.com/article/entertainment/bollywood/ramayana-anupam-kher-roped-in-as-jatayus-voice-amitabh-bachchan-rumours-put-to-rest-10796540/,Unknown
Is morning exercise subjecting children to worse pollution effects? Answer may lie in AI,https://indianexpress.com/article/opinion/columns/is-morning-exercise-subjecting-children-to-worse-pollution-effects-answer-may-lie-in-ai-10796606/,Unknown
Google is building an AI fence around the internet it once championed,https://indianexpress.com/article/technology/tech-news-technology/google-is-building-an-ai-fence-around-the-internet-it-once-championed-10796607/,Unknown
"Iran claims strikes on US bases in Bahrain, Kuwait; says two oil tankers stopped in Hormuz",https://indianexpress.com/article/world/us-iran-military-escalation-july-20-centcom-irgc-kuwait-strikes-10796288/,Unknown
Apple Music in iOS 27: 5 new features coming to your iPhone,https://indianexpress.com/article/technology/tech-news-technology/apple-music-in-ios-27-5-new-features-coming-to-your-iphone-10796549/,Unknown
US judge approves Anthropic’s $1.5 billion settlement of copyright lawsuit,https://indianexpress.com/article/technology/artificial-intelligence/us-judge-approves-anthropics-1-5-billion-settlement-of-copyright-lawsuit-10796581/,Unknown
"NEET and beyond, a systematic assault on education",https://indianexpress.com/article/opinion/columns/neet-and-beyond-a-systematic-assault-on-education-10796554/,Unknown
How the US-Iran conflict has thrown India’s Chabahar plans into doubt,https://indianexpress.com/article/explained/explained-global/chabahar-port-india-us-sanctions-explained-10796314/,Iran conflict has thrown India’s Chabahar plans into doubt
The bedtime drink PV Sindhu doesn’t skip,https://indianexpress.com/article/lifestyle/food-wine/pv-sindhu-drinks-tart-cherry-juice-sleep-virat-kohli-injury-recovery-benefits-expert-10796447/,Unknown
UPSC Mains Answer Practice — GS 3: Cyberattacks on critical infrastructure and Vikram-1 mission (Week 164),https://indianexpress.com/article/upsc-current-affairs/upsc-essentials/upsc-mains-answer-practice-gs-3-week-164-10796522/,1 mission (Week 164)
"‘Can’t use law for revenge’: Calcutta High Court bins man’s case against wife, relatives",https://indianexpress.com/article/legal-news/cant-use-law-revenge-calcutta-high-court-bins-case-wife-relatives-10796256/,Unknown
"Cracker unit fire: 299 Ahmedabad units inspected in two days, 32 sealed",https://indianexpress.com/article/cities/ahmedabad/ahmedabad-firecracker-factory-crackdown-amc-auda-sealing-drive-10796524/,Unknown
Signals from NSE’s new Ahimsa index: When love for animals meets investments,https://indianexpress.com/article/explained/explained-economics/nse-new-ahimsa-index-ethical-investing-animal-rights-10796425/,Unknown
"Woman allegedly gang-raped, robbed in Mysuru after being forced into car; 3 arrested",https://indianexpress.com/article/cities/bangalore/woman-gang-raped-robbed-mysuru-three-men-arrested-karnataka-10796516/,"raped, robbed in Mysuru after being forced into car; 3 arrested"
Hugging Face confirms data breach by AI agent: Why it has sparked a debate on cyber guardrails,https://indianexpress.com/article/technology/artificial-intelligence/hugging-face-data-breach-ai-agent-debate-cyber-guardrails-10796513/,Unknown
"Fatty pancreas may be a warning sign for diabetes, pancreatitis and cancer: Global experts",https://indianexpress.com/article/health-wellness/fatty-pancreas-may-be-a-warning-sign-for-diabetes-pancreatitis-and-cancer-global-experts-10796497/,Unknown
"Charged Rs 175 ‘extra’ for wine bottle, Himachal man wins Rs 20,000 payout",https://indianexpress.com/article/legal-news/rs-175-extra-wine-bottle-customer-rs-20175-in-consumer-case-10796162/,Unknown
"RRB JE 2026 Recruitment: 4,098 vacancies announced for Railways Junior Engineer posts, apply from August 14",https://indianexpress.com/article/education/indian-railways-rrb-je-2026-recruitment-4098-vacancies-junior-engineer-posts-rrbapply-gov-in-10796498/,Unknown
Court refuses to cancel ED case against people who tried to sell banned notes,https://indianexpress.com/article/legal-news/karnataka-hc-pmla-double-jeopardy-ed-case-demonetisation-fraud-10796500/,Unknown
‘Will not be disappointed’: Siddharth Anand hails Ramayana trailer; Atlee praises Ranbir,https://indianexpress.com/article/entertainment/bollywood/will-not-be-disappointed-siddharth-anand-hails-ramayana-trailer-atlee-praises-ranbir-10796142/,Unknown
‘She never said don’t touch me’: Shekhar Suman on filming Utsav with Rekha,https://indianexpress.com/article/entertainment/bollywood/rekha-never-said-wont-give-retake-intimate-scenes-utsav-shekhar-suman-debut-10793699/,Unknown
"Women run away for love, men over domestic issues: Devendra Fadnavis",https://indianexpress.com/article/cities/mumbai/women-run-away-for-love-men-over-domestic-issues-devendra-fadnavis-10796501/,Unknown
125% rise: How online predators are coercing vulnerable teens to self-harm,https://indianexpress.com/article/world/sadistic-online-exploitation-surges-ncmec-report-teen-safety-10796431/,harm
"Supreme Court sets aside death sentence in 1996 Rajasthan bus blast case, orders fresh trial",https://indianexpress.com/article/legal-news/supreme-court-samleti-rajasthan-bus-bomb-blast-fresh-trial-10796494/,Unknown
"Water levels unseen in half a century, says CM as Assam flood toll rises to 11; 3L affected",https://indianexpress.com/article/india/assam-floods-upper-assam-water-levels-himanta-biswa-sarma-evacuations-simalguri-trains-10796438/,Unknown
‘He’s shut everybody up’: Shastri hails Rohit Sharma’s Lord’s century,https://indianexpress.com/article/sports/cricket/rohit-sharma-shut-everybody-up-lords-century-ind-vs-eng-shastri-10796365/,Unknown
When fat reaches the pancreas: Here’s what happens next,https://indianexpress.com/article/lifestyle/health/officially-recognised-fatty-pancreas-disorder-disease-diabetes-risk-cancer-experts-10796117/,Unknown
Cristiano Ronaldo ‘likes’ post accusing FIFA of helping Argentina: ‘Most corrupt institution’,https://indianexpress.com/article/trending/trending-globally/cristiano-ronaldo-instagram-like-argentina-fifa-controversy-10796469/,Unknown
Kashmir’s peace is incomplete without the return of displaced Pandits,https://indianexpress.com/article/opinion/columns/kashmir-peace-return-of-displaced-pandits-jammu-militancy-10796466/,Unknown
"JP Nadda, Rahul Gandhi meet protesters injured in Delhi Police crackdown",https://indianexpress.com/article/cities/delhi/jp-nadda-rahul-gandhi-meet-protesters-injured-in-delhi-police-crackdown-10796465/,Unknown
"Elon Musk’s X unveils faster, rebuilt Android app after major revamp",https://indianexpress.com/article/technology/tech-news-technology/elon-musks-x-unveils-faster-rebuilt-android-app-after-major-revamp-10796450/,Unknown
Madhya Pradesh High Court grants pre-arrest bail to man over ‘false’ Ram-Sita remarks,https://indianexpress.com/article/legal-news/madhya-pradesh-high-court-anticipatory-bail-host-ram-sita-remarks-10796183/,Sita remarks
Tharoor questions low fellowship rate for UGC NET qualifiers; Centre sidesteps query,https://indianexpress.com/article/education/shashi-tharoor-lok-sabha-question-few-ugc-net-qualified-candidate-land-research-fellowship-jrf-education-ministry-skips-data-repeats-existing-scheme-10796125/,Unknown
"IT professional killed after BMW hits motorcycle, driver arrested",https://indianexpress.com/article/cities/chandigarh/it-professional-killed-after-bmw-hits-motorcycle-driver-arrested-10796370/,Unknown
"After High Court direction, Sonam Wangchuk shifted to Medanta Hospital",https://indianexpress.com/article/cities/delhi/activist-sonam-wangchuk-can-be-moved-to-private-hospital-says-court-10796446/,Unknown
Amitabh Bachchan writes about surgery in cryptic post: ‘Most difficult phase’,https://indianexpress.com/article/entertainment/bollywood/amitabh-bachchan-recovering-after-surgery-opens-up-about-most-difficult-phase-10796432/,Unknown
"From Yogi to Akhilesh, why every UP player is chasing the Dalit vote",https://indianexpress.com/article/political-pulse/yogi-to-akhilesh-mayawati-to-aazad-how-key-up-players-step-up-dalit-outreach-for-2027-polls-10796414/,Unknown
‘Save our democracy’: Shiv Sena (UBT) moves Supreme Court against MPs’ merger,https://indianexpress.com/article/legal-news/shiv-sena-ubt-supreme-court-speaker-mps-merger-shinde-10796399/,Unknown
Ahmedabad feels ripples of Delhi CJP protest,https://indianexpress.com/article/cities/ahmedabad/ahmedabad-feels-ripples-delhi-cjp-protest-10796351/,Unknown
"CBSE Class 12th Admit Cards 2026 Out for Supplementary Exam: Steps to download for regular, private candidates",https://indianexpress.com/article/education/cbse-class-12th-admit-card-2026-out-supplementary-exam-steps-to-download-regular-private-candidates-apps-cbseit-in-comptt-10796363/,Unknown
"Allahabad High Court strikes down ‘doubtful integrity’ remark against judge, says no basis",https://indianexpress.com/article/legal-news/allahabad-high-court-doubtful-integrity-remark-judge-says-no-basis-10796347/,Unknown
"Jacob Bethell on Virat Kohli at RCB: ‘Off the field, he’s very chilled’",https://indianexpress.com/article/sports/cricket/jacob-bethell-virat-kohli-rcb-ipl-experience-ulta-competitive-10796385/,Unknown
How Bata survived India’s liberalisation,https://indianexpress.com/article/research/how-bata-survived-indias-liberalisation-10796334/,Unknown
Have your say on Aravallis: Supreme Court panel opens 21-day window for feedback,https://indianexpress.com/article/india/supreme-court-aravalli-hills-committee-public-suggestions-10796350/,day window for feedback
BITS Pilani alumna Revathi Advaithi pledges $1 million endowment for scholarships for women,https://indianexpress.com/article/education/bits-pilani-alumna-revathi-advaithi-pledges-usd-1-million-dollars-endowment-women-scholarships-convocation-btech-10796298/,Unknown
"Delhi gets rain relief, but monsoon rages across J&K, Himachal, Uttarakhand and Assam",https://indianexpress.com/article/weather/weather-forecast-monsoon-jammu-kashmir-assam-himachal-pradesh-delhi-mumbai-kolkata-rain-10796037/,Unknown
"Rs 116.84-crore CSCL-IDFC First Bank fraud case | ‘Cash delivery of Rs 50 lakh, renovation worth Rs 45 lakh, but no payment made’",https://indianexpress.com/article/cities/chandigarh/rs-116-84-crore-cscl-idfc-first-bank-fraud-case-cash-delivery-of-rs-50-lakh-renovation-worth-rs-45-lakh-but-no-payment-made-10796330/,"IDFC First Bank fraud case | ‘Cash delivery of Rs 50 lakh, renovation worth Rs 45 lakh, but no payment made’"
C Raja Mohan writes: 1991’s biggest lesson for India is not about diplomacy,https://indianexpress.com/article/opinion/columns/1991s-biggest-lesson-for-india-is-not-about-diplomacy-10796346/,Unknown
‘Cockroaches with termites’: Goa BJP vice-president’s gem amid Jantar Mantar protests,https://indianexpress.com/article/india/bjp-narendra-sawaikar-cockroaches-termites-remark-jantar-mantar-protests-row-10796349/,president’s gem amid Jantar Mantar protests
"Rampage on Mumbai roads as BEST bus crashes into divider in Borivali, second in 24 hours",https://indianexpress.com/article/cities/mumbai/rampage-on-mumbai-roads-as-best-bus-crashes-into-divider-in-broivali-second-in-24-hours-10796331/,Unknown
"Change in patterns after Covid-19: Migration to UK, US drops; Germany & France stick out for Indian students, says report",https://indianexpress.com/article/cities/chandigarh/change-in-patterns-after-covid-19-migration-to-uk-us-drops-germany-france-stick-out-for-indian-students-says-10796261/,"19: Migration to UK, US drops; Germany & France stick out for Indian students, says report"
Why ‘Satluj’ has touched Sikhs across social and political divides,https://indianexpress.com/article/opinion/columns/satluj-sikh-caste-class-diljit-dosanjh-punjab-10796310/,Unknown
Ex-Dehra MLA booked for government fund ‘misuse’,https://indianexpress.com/article/cities/chandigarh/ex-dehra-mla-government-fund-misuse-10796274/,Dehra MLA booked for government fund ‘misuse’
Chess legend Judit Polgar turns down offer to become Hungary President,https://indianexpress.com/article/sports/chess/chess-legend-judit-polgar-declines-hungary-president-offer-pm-magyar-10796210/,Unknown
"‘Modiji, the nation does not belong to your father’: Kejriwal compares PM to Gen Dyer",https://indianexpress.com/article/cities/delhi/arvind-kejriwal-slams-pm-modi-delhi-police-protest-crackdown-general-dyer-helpline-10796322/,Unknown
"Bengaluru forest officer clicks fake wedding invite link, loses Rs 10 lakh",https://indianexpress.com/article/cities/bangalore/forest-officer-loses-rs-10-lakh-whatsapp-wedding-invite-apk-scam-10796253/,Unknown
"Burglars break into Phase-2 market showroom in Mohali, decamp with cash and goods worth lakhs",https://indianexpress.com/article/cities/chandigarh/burglars-break-into-phase-2-market-showroom-in-mohali-decamp-with-cash-and-goods-worth-lakhs-10796290/,"2 market showroom in Mohali, decamp with cash and goods worth lakhs"
What I saw at Jantar Mantar protest after the tear gas shells landed,https://indianexpress.com/article/opinion/columns/what-i-saw-at-jantar-mantar-tear-gas-shells-sonam-wangchuk-cjp-10796281/,Unknown
"Lawyers 'assaulted': HC asks Lucknow police commissioner, district judge to file reports",https://www.hindustantimes.com/india-news/lawyers-assaulted-hc-asks-lucknow-police-commissioner-district-judge-to-file-reports-101784661651331.html,Unknown
SAD (Punar Surjit) faces rebellion as leaders extend support to Waris Punjab De; Jhunda expelled,https://www.hindustantimes.com/india-news/sad-punar-surjit-faces-rebellion-as-leaders-extend-support-to-waris-punjab-de-jhunda-expelled-101784661594638.html,Unknown
21 killed in a day as flood situation worsens in Assam; 5.4 lakh people affected in 16 districts,https://www.hindustantimes.com/india-news/21-killed-in-a-day-as-flood-situation-worsens-in-assam-5-4-lakh-people-affected-in-16-districts-101784660855688.html,Unknown
Nothing can shame people unfazed by Ram temple donation theft: HC,https://www.hindustantimes.com/india-news/nothing-can-shame-people-unfazed-by-ram-temple-donation-theft-hc-101784658783696.html,Unknown
Dharmendra Pradhan's first reaction to CJP protest: 'Rahul Gandhi using students as political tools',https://www.hindustantimes.com/india-news/dharmendra-pradhan-first-reaction-to-cjp-protest-rahul-gandhi-using-students-as-political-tools-abhijeet-dipke-101784657898071.html,Unknown
"Swiggy-Zomato deliveries ‘for anyone who needs’, medicine stalls at Jantar Mantar as CJP support swells after crackdown",https://www.hindustantimes.com/india-news/swiggyzomato-orders-food-from-home-medicine-stalls-at-cjps-jantar-mantar-as-support-swell-after-police-crackdown-101784652611830.html,"Zomato deliveries ‘for anyone who needs’, medicine stalls at Jantar Mantar as CJP support swells after crackdown"
"Bangladesh’s pick of spokespersons in Delhi, Kolkata raise eyebrows",https://www.hindustantimes.com/india-news/bangladeshs-pick-of-spokespersons-in-delhi-kolkata-raise-eyebrows-101784651872289.html,Unknown
"Cong-CJP differences in focus as Rahul's dharna draws AAP's ‘jugalbandi’ jibe, Dipke focuses on Jantar Mantar",https://www.hindustantimes.com/india-news/congresscockroach-situationship-persists-as-rahuls-dharna-draws-aap-jibes-cjp-focuses-solely-on-jantar-mantar-101784648892247.html,"CJP differences in focus as Rahul's dharna draws AAP's ‘jugalbandi’ jibe, Dipke focuses on Jantar Mantar"
Naveen Patnaik seeks Dharmendra Pradhan’s resignation over exam irregularities,https://www.hindustantimes.com/india-news/naveen-patnaik-seeks-dharmendra-pradhan-s-resignation-over-exam-irregularities-101784648750590.html,Unknown
"Worried but won’t ask him to step back, say Abhijeet Dipke’s parents after police action on Delhi CJP march",https://www.hindustantimes.com/india-news/worried-but-won-t-ask-him-to-step-back-say-abhijeet-dipke-s-parents-after-police-action-101784648330582.html,Unknown
"‘Modi allowed it to weaken CJP’: AAP sees ‘jugalbandi’ in Rahul's protest near PM house, Cong and BJP react",https://www.hindustantimes.com/india-news/aap-sees-jugalbandi-in-rahul-gandhis-protest-near-pm-house-modi-allowed-it-to-weaken-cjp-101784642973465.html,Unknown
Jaishankar to meet Quad counterparts on sidelines of ASEAN meet in Manila,https://www.hindustantimes.com/india-news/jaishankar-to-meet-quad-counterparts-on-sidelines-of-asean-meet-in-manila-101784644009511.html,Unknown
"MeitY to consult civil society on child safety, study social media harms",https://www.hindustantimes.com/india-news/meity-to-consult-civil-society-on-child-safety-study-social-media-harms-101784642509387.html,Unknown
46 insurgents of banned outfit surrender in Manipur; hand over 28 weapons: Govt,https://www.hindustantimes.com/india-news/46-insurgents-of-banned-outfit-surrender-in-manipur-hand-over-28-weapons-govt-101784640768422.html,Unknown
NSA Ajit Doval holds talks with Saudi foreign minister on energy security and West Asia situation,https://www.hindustantimes.com/india-news/nsa-ajit-doval-holds-talks-with-saudi-foreign-minister-on-energy-security-and-west-asia-situation-101784639479418.html,Unknown
"Amid CJP protests, IIT Roorkee asks students, staff not to take part in political activity",https://www.hindustantimes.com/india-news/amid-cjp-protests-iit-roorkee-asks-students-staff-not-to-partake-in-political-activity-101784636927197.html,Unknown
"AI chatbot helped plan Bengaluru triple murder, say police, seek chat history",https://www.hindustantimes.com/india-news/ai-chatbot-helped-plan-bengaluru-triple-murder-say-police-seek-chat-history-101784634029732.html,Unknown
'Attempt was made to humbly explain': Minister on talks with Rahul Gandhi at dharna over CJP crackdown,https://www.hindustantimes.com/india-news/join-us-at-dharna-outside-pm-house-rahul-gandhi-big-call-over-crackdown-on-cjp-march-101784635623723.html,Unknown
Delhi HC declines to suspend BJP MLA’s conviction in celebratory firing case,https://www.hindustantimes.com/india-news/delhi-hc-declines-to-suspend-bjp-mla-s-conviction-in-celebratory-firing-case-101784635487679.html,Unknown
"Why Assam floods: The obvious answer is Brahmaputra, but there's so much more to it",https://www.hindustantimes.com/ht-explainers/why-assam-floods-the-obvious-answer-is-brahmaputra-but-theres-so-much-more-to-it-101784609924615.html,Unknown
"2 sadhus murdered, buried in forest near Haridwar temple; probe underway: Cop",https://www.hindustantimes.com/india-news/2-sadhus-murdered-buried-in-forest-near-haridwar-temple-probe-underway-cop-101784633928523.html,Unknown
"IIT Roorkee defends ‘gag order’ amid CJP protest, says ‘routinely issued, as per conduct rules’",https://www.hindustantimes.com/india-news/iit-roorkee-defends-gag-order-amid-cjp-protest-says-routinely-issued-as-per-conduct-rules-101784625441451.html,Unknown
"Eastern states resolve to strengthen coordination against LWE, organized crime & other challenges",https://www.hindustantimes.com/india-news/eastern-states-resolve-to-strengthen-coordination-against-lwe-organized-crime-other-challenges-101784631734850.html,Unknown
3rd SC judge recuses himself from hearing lawyer Surendra Gadling’s bail plea,https://www.hindustantimes.com/india-news/3rd-sc-judge-recuses-himself-from-hearing-lawyer-surendra-gadling-s-bail-plea-101784631706864.html,Unknown
"‘I was hungry’: CJP sacks spokesperson Vijeta Dahiya after he defends leaving protest march, eating burger instead",https://www.hindustantimes.com/india-news/i-was-hungry-cjp-sacks-spokesperson-vijeta-dahiya-after-he-defends-leaving-protest-march-eating-burger-instead-101784630939570.html,Unknown
Delhi-NCR weather update: Rain likely in national capital? Check IMD forecast,https://www.hindustantimes.com/india-news/delhi-ncr-weather-update-rain-likely-in-national-capital-check-imd-forecast-monsoon-101784629218161.html,NCR weather update: Rain likely in national capital? Check IMD forecast
"Day after CJP protest, farmers from Punjab and Haryana marching towards Delhi. What are their demands?",https://www.hindustantimes.com/india-news/day-after-cjp-protest-farmers-marching-towards-delhi-what-are-their-demands-101784628419182.html,Unknown
"‘Hurt in stampede-like situation, in ICU’: Family of 22-year-old injured in CJP Jantar Mantar protest",https://www.hindustantimes.com/india-news/cjp-protest-jantar-mantar-sonam-wangchuk-sansad-chalo-police-lathi-charge-abhijeet-dipke-cockroach-janta-party-101784628259313.html,old injured in CJP Jantar Mantar protest
SC agrees to hear UP's plea against Bombay HC order absolving Brahmos engineer of espionage charges,https://www.hindustantimes.com/india-news/sc-agrees-to-hear-up-s-plea-against-bombay-hc-order-absolving-brahmos-engineer-of-espionage-charges-101784629584774.html,Unknown
Medical college assault case: Patient's family lodge cross FIR against trainee nurses,https://www.hindustantimes.com/india-news/medical-college-assault-case-patient-s-family-lodge-cross-fir-against-trainee-nurses-101784629522006.html,Unknown
"Left MPs visit Jantar Mantar, demand Amit Shah's statement in Parliament over police action",https://www.hindustantimes.com/india-news/left-mps-visit-jantar-mantar-demand-amit-shah-s-statement-in-parliament-over-police-action-101784628482800.html,Unknown
Centre tells SC fresh tribunal reforms Bill likely in Monsoon Session,https://www.hindustantimes.com/india-news/centre-tells-sc-fresh-tribunal-reforms-bill-likely-in-monsoon-session-101784627989269.html,Unknown
"Tunnel collapse: Bengal CM speaks to Sikkim counterpart, offers assistance",https://www.hindustantimes.com/india-news/tunnel-collapse-bengal-cm-speaks-to-sikkim-counterpart-offers-assistance-101784627980670.html,Unknown
Delhi court convicts three in 2019 Badarpur murder case,https://www.hindustantimes.com/india-news/delhi-court-convicts-three-in-2019-badarpur-murder-case-101784627980968.html,Unknown
SC-constituted Aravalli committee opens 21-day window for feedback,https://www.hindustantimes.com/india-news/scconstituted-aravalli-committee-opens-21-day-window-for-feedback-101784627739111.html,day window for feedback
UP: Youth dies after assault; family block road demanding action in Mirzapur,https://www.hindustantimes.com/india-news/up-youth-dies-after-assault-family-block-road-demanding-action-in-mirzapur-101784627428742.html,Unknown
'In touch with Indian partners': Kremlin's response after Indian seafarers killed in Russian strike,https://www.hindustantimes.com/india-news/in-touch-with-indian-partners-kremlin-response-after-indian-seafarers-killed-in-russian-strike-ukraine-war-101784627038293.html,Unknown
"Double whammy for traffic in Delhi-NCR as youth, farmer protests choke roads",https://www.hindustantimes.com/india-news/double-whammy-traffic-delhi-ncr-ghaziabad-traffic-gurgaon-cjp-farmers-protest-choke-roads-ghazipur-shambhu-border-101784622507250.html,"NCR as youth, farmer protests choke roads"
"India approves its first dengue vaccine Qdenga: How it works, who is eligible, and why it isn't a silver bullet",https://www.hindustantimes.com/ht-explainers/india-approves-first-dengue-vaccine-qdenga-what-it-protects-against-and-why-it-isnt-a-silver-bullet-101784622817447.html,Unknown
"Police forcibly remove Rahul Gandhi, others from Cong-led dharna near PM house over CJP march crackdown",https://www.hindustantimes.com/india-news/rahul-gandhi-pm-modi-resignation-cjp-protest-clash-parliament-lathi-charge-chalo-sansad-delhi-101784618814172.html,led dharna near PM house over CJP march crackdown
"Meghalaya landslide kills 7-year-old boy, injures four family members: Police",https://www.hindustantimes.com/india-news/meghalaya-landslide-kills-7-year-old-boy-injures-four-family-members-police-101784624025650.html,"old boy, injures four family members: Police"
‘Hit as if we were criminals’: Protesters recount what they faced at CJP march,https://www.hindustantimes.com/india-news/hit-as-if-we-were-criminals-protesters-recount-what-they-faced-at-cjp-march-101784623845559.html,Unknown
Monsoon revives in Rajasthan; rainfall lash eastern part of state,https://www.hindustantimes.com/india-news/monsoon-revives-in-rajasthan-rainfall-lash-eastern-part-of-state-101784623749967.html,Unknown
'This is gunda gardi': Uttarakhand HC tears into police over detention of leader backing Sonam Wangchuk,https://www.hindustantimes.com/india-news/this-is-gunda-gardi-uttarakhand-hc-tears-into-police-over-detention-of-leader-backing-sonam-wangchuk-cjp-protest-101784620101356.html,Unknown
"'Nepal-style plans' vs 'mics turned off': Centre, Opposition spar over CJP protest at Jantar Mantar",https://www.hindustantimes.com/india-news/nepal-style-plans-vs-mics-turned-off-centre-opposition-spar-over-cjp-protest-at-jantar-mantar-101784619252745.html,"style plans' vs 'mics turned off': Centre, Opposition spar over CJP protest at Jantar Mantar"
"Delhi HC allows Sonam Wangchuk to be shifted to pvt hospital, cites his fundamental rights",https://www.hindustantimes.com/india-news/delhi-hc-sonam-wangchuk-shift-to-hospital-of-his-choice-medanta-row-safdarjung-treatment-tests-cjp-protests-101784620269287.html,Unknown
K'taka: Three arrested for gang-rape of tribal woman from West Bengal,https://www.hindustantimes.com/india-news/ktaka-three-arrested-for-gang-rape-of-tribal-woman-from-west-bengal-101784620698484.html,rape of tribal woman from West Bengal
Supreme Court refuses to stay Kerala HC curbs on Waqf Board; removes supervision,https://www.hindustantimes.com/india-news/supreme-court-refuses-to-stay-kerala-hc-curbs-on-waqf-board-removes-supervision-101784620004879.html,Unknown
Speaker’s nod to Sena (UBT) MPs’ merger challenged in SC,https://www.hindustantimes.com/india-news/speakers-nod-to-sena-ubt-mps-merger-challenged-in-sc-101784619343948.html,Unknown
"Why were students seeking justice met with lathis, tear gas: Mallikarjun Kharge",https://www.hindustantimes.com/india-news/why-were-students-seeking-justice-met-with-lathis-tear-gas-mallikarjun-kharge-101784618864482.html,Unknown
West Bengal minister Dilip Ghosh targets Mamata Banerjee over Shaheed Diwas: ‘You stand alone’,https://www.hindustantimes.com/india-news/west-bengal-minister-dilip-ghosh-targets-mamata-banerjee-over-shaheed-diwas-you-stand-alone-101784612836163.html,Unknown
"CJP Parliament march violence: Delhi Police register 4 cases, 2 more to be filed",https://www.hindustantimes.com/india-news/cjp-parliament-march-violence-delhi-police-register-4-cases-2-more-to-be-filed-101784613402069.html,Unknown
Those involved in NEET paper leak will be punished: PM Modi speaks at NDA meet,https://www.hindustantimes.com/india-news/those-involved-in-neet-paper-leak-will-be-punished-pm-modi-at-nda-parl-party-meet-101784612982598.html,Unknown
Kerala seafarer killed in Russian missile strike on shipping vessel was set to marry in 2 months,https://www.hindustantimes.com/india-news/keralabased-seafarer-killed-russian-missile-strike-shipping-commercial-vessel-odesa-ukraine-indian-mea-101784605166632.html,Unknown
"Who is Harmanveer Singh? FBI manhunt on amid drug trafficking charges, link to Dhanda gang",https://www.hindustantimes.com/india-news/who-is-harmanveer-singh-fbi-manhunt-on-amid-drug-trafficking-charges-link-to-ravinder-dhanda-gang-101784609392264.html,Unknown
"CJP won't march to Parliament again, Dipke says 'police will hurt youth again'",https://www.hindustantimes.com/india-news/cjp-wont-march-to-parliament-again-abhijeet-abhijeet-dipke-says-police-will-hurt-youth-again-sonam-wangchuk-101784609812082.html,Unknown
"'Shared values': Modi congratulates new UK PM Andy Burnham, stresses trade ties",https://www.hindustantimes.com/india-news/pm-modi-andy-burnham-new-uk-pm-economic-trade-ties-keir-starmer-reisgnation-ceta-india-101784605551066.html,Unknown
India summons Russian diplomat over death of four Indian seafarers in vessel attack off Ukraine coast,https://www.hindustantimes.com/india-news/india-summons-russian-diplomat-charge-d-affaires-over-death-of-four-indian-seafarers-in-vessel-attack-off-ukraine-coast-101784608154884.html,Unknown
Thousands of farmers gather at Shambhu border ahead of march to Delhi. What's happening?,https://www.hindustantimes.com/india-news/haryana-punjab-farmers-at-shambhu-border-rally-march-to-delhi-protest-india-us-trade-deal-kisan-mahapanchayat-cjp-news-101784605506778.html,Unknown
CJP's mega protest: A blow-by-blow account of what happened on Monday,https://www.hindustantimes.com/india-news/jantar-mantar-cjp-protest-a-blow-by-blow-account-of-what-happened-on-monday-delhi-101784604090492.html,blow account of what happened on Monday
"Heavy rain likely in Delhi for next two days, battered Himachal on red alert, 23 dead in J&K so far | Weather updates",https://www.hindustantimes.com/india-news/weather-report-today-heavy-rain-delhi-imd-alert-north-india-monsoon-chaos-noida-gurgaon-weather-july-21-101784603299985.html,Unknown
"Sonam Wangchuk fast continues: Hospital says blood sugar low, vitals stable",https://www.hindustantimes.com/india-news/sonam-wangchuk-health-update-fast-continues-hospital-says-blood-sugar-low-vitals-stable-cjp-protest-dharmendra-pradhan-101784606075459.html,Unknown
"Sikkim landslides: 10 dead, others feared trapped in Teesta hydel project tunnel",https://www.hindustantimes.com/india-news/sikkim-landslides-8-dead-19-feared-trapped-in-teesta-hydel-project-tunnel-death-toll-101784605938399.html,Unknown
"22 killed as heavy rain wreaks havoc across Kashmir, Uttarakhand and Nagaland",https://www.hindustantimes.com/india-news/22-killed-as-heavy-rain-wreaks-havoc-across-kashmir-uttarakhand-and-nagaland-101784604466554.html,Unknown
Row as K’taka to distribute free residency certificates amid SIR,https://www.hindustantimes.com/india-news/row-as-k-taka-to-distribute-free-residency-certificates-amid-sir-101784576493523.html,Unknown
Madras HC raps police over conduct in court,https://www.hindustantimes.com/india-news/madras-hc-raps-police-over-conduct-in-court-101784575479728.html,Unknown
"CM Vijay reviews Mekedatu issue, may announce further action in 10 days",https://www.hindustantimes.com/india-news/cm-vijay-reviews-mekedatu-issue-may-announce-further-action-in-10-days-101784575413471.html,Unknown
Will continue fast till talks begin with MPs: Sonam Wangchuk,https://www.hindustantimes.com/india-news/will-continue-fast-till-talks-begin-with-mps-sonam-wangchuk-101784575293791.html,Unknown
"India’s groundwater improves overall since 2017, but many states log fresh stress: Govt",https://www.hindustantimes.com/india-news/indias-groundwater-improves-overall-since-2017-but-many-states-log-fresh-stress-govt-101784575173997.html,Unknown
"Delhi High Court seeks Sonam Wangchuk’s medical reports, to hear transfer plea today",https://www.hindustantimes.com/india-news/delhi-high-court-seeks-sonam-wangchuk-s-medical-reports-to-hear-transfer-plea-today-101784575173688.html,Unknown
"Parliament monsoon session: Opposition slams Modi, Rahul calls him ‘anti-youth’ PM",https://www.hindustantimes.com/india-news/parliament-monsoon-session-opposition-slams-modi-rahul-calls-him-anti-youth-pm-101784575138334.html,youth’ PM
SC warns Parsvnath executives of jail over refunds,https://www.hindustantimes.com/india-news/sc-warns-parsvnath-executives-of-jail-over-refunds-101784575013180.html,Unknown
Sowing of rain-fed Kharif crops continues to lag,https://www.hindustantimes.com/india-news/sowing-of-rain-fed-kharif-crops-continues-to-lag-101784574877176.html,fed Kharif crops continues to lag
"Madras HC mandates discipline for police, officials appearing before courts",https://www.hindustantimes.com/india-news/madras-hc-mandates-discipline-for-police-officials-appearing-before-courts-101784603437554.html,Unknown
Plea moved in SC over HC refusal to probe Adani green contracts,https://www.hindustantimes.com/india-news/plea-moved-in-sc-over-hc-refusal-to-probe-adani-green-contracts-101784574823038.html,Unknown
"Avoid central Delhi till end of Parliament session, say traffic police amid CJP protest",https://www.hindustantimes.com/cities/delhi-news/avoid-central-delhi-till-end-of-parliament-session-traffic-police-101784574809614.html,Unknown
India’s core sector growth accelerates to five-month high in June,https://www.hindustantimes.com/india-news/indias-core-sector-growth-accelerates-to-five-month-high-in-june-101784574781293.html,month high in June
"Ford delegation meets CM Vijay, discusses expansion plans in state",https://www.hindustantimes.com/india-news/ford-delegation-meets-cm-vijay-discusses-expansion-plans-in-state-101784574693615.html,Unknown
Trainee IPS accused of sexual harassment attempts suicide,https://www.hindustantimes.com/india-news/trainee-ips-accused-of-sexual-harassment-attempts-suicide-101784574513833.html,Unknown
No decision yet on ethanol blending beyond E20: Government tells Parliament,https://www.hindustantimes.com/india-news/no-decision-yet-on-ethanol-blending-beyond-e20-government-tells-parliament-101784602595212.html,Unknown
"Day after CJP protests, Delhi's Connaught Place wears scars of chaos, shattered windows and violence",https://www.hindustantimes.com/india-news/day-after-cjp-protests-delhis-connaught-place-wears-scars-of-chaos-shattered-windows-and-violence-101784599419569.html,Unknown
"PM Modi hails 7.7% growth rate, says ‘no chaos when there are facts’ in customary address before monsoon session",https://www.hindustantimes.com/india-news/pm-modi-hails-7-7-growth-rate-says-no-chaos-when-there-are-facts-in-customary-address-before-monsoon-session-101784599477998.html,Unknown
"Congress, CJP protests LIVE: ‘Owe our students more than outrage’, says Pradhan amid resignation demand chorus",https://www.hindustantimes.com/india-news/cjp-protest-live-updates-jantar-mantar-sonam-wangchuk-delhi-hc-hearing-demands-nadda-abhijeet-dipke-news-july-21-101784596017134.html,Unknown
6 killed as ethanol-carrying truck overturns in Maharashtra's Wardha,https://www.hindustantimes.com/india-news/6-killed-as-ethanol-carrying-truck-overturns-in-maharashtras-wardha-101784598439930.html,carrying truck overturns in Maharashtra's Wardha
"Parliament monsoon session: Lok Sabha, Rajya Sabha adjourned till 11am Wednesday amid opposition chaos",https://www.hindustantimes.com/india-news/parliament-monsoon-session-2026-live-updates-schedule-dates-timings-lok-sabha-rajya-sabha-july-21-pm-modi-rahul-gandhi-101784597760995.html,Unknown
Supreme Court upholds removal of commercial activity from elephant corridor,https://www.hindustantimes.com/india-news/supreme-court-upholds-removal-of-commercial-activity-from-elephant-corridor-101784597980450.html,Unknown
Rescue on as 27 workers trapped in Sikkim tunnel after landslides,https://www.hindustantimes.com/india-news/rescue-on-as-27-workers-trapped-in-sikkim-tunnel-after-landslides-death-toll-government-injured-samardung-samardung-101784595967856.html,Unknown
"'Police have been absolutely brutal': Capital turns battlefield as cops use tear gas, batons in clash with protesters",https://www.hindustantimes.com/india-news/police-have-been-absolutely-brutal-capital-turns-battlefield-as-cops-use-tear-gas-batons-in-clash-with-protesters-delhi-101784594506653.html,Unknown
"After CJP's Parliament march, govt opens talks, seeks end to stir, but offers no assurances",https://www.hindustantimes.com/india-news/after-cjp-parliament-march-govt-opens-talks-seeks-end-to-stir-but-offers-no-assurances-sonam-wangchuk-jp-nadda-pradhan-101784595383876.html,Unknown
Chaos on Parliament streets amid CJP protest echoes in House on opening day of monsoon session,https://www.hindustantimes.com/india-news/chaos-on-parliament-streets-amid-cjp-protest-echoes-in-house-on-opening-day-of-monsoon-session-101784594214152.html,Unknown
NTA rejects OMR mismatch claims in NEET-UG 2026 results,https://www.hindustantimes.com/india-news/nta-rejects-omr-mismatch-claims-in-neet-ug-2026-results-101784575413750.html,UG 2026 results
"Protesters were 'unruly, aggressive and violent': Delhi Police on CJP protest",https://www.hindustantimes.com/india-news/protesters-were-unruly-aggressive-and-violent-delhi-police-on-cjp-protest-101784567423854.html,Unknown
"Condemn such attacks, says MEA after Russian missile kills 4 Indians on vessel",https://www.hindustantimes.com/india-news/condemn-such-attacks-says-mea-after-russian-missile-kills-4-indians-on-vessel-101784567192391.html,Unknown
Indus Waters Treaty won’t work in present form as Pakistan backs terror: India,https://www.hindustantimes.com/india-news/indus-waters-treaty-won-t-work-in-present-form-as-pakistan-backs-terror-india-101784565992900.html,Unknown
"Lathis, tears, barricades: How CJP march was halted by police | Ground Report",https://www.hindustantimes.com/india-news/lathis-tears-barricades-how-cjp-march-was-halted-by-police-ground-report-101784559149656.html,Unknown
CJI Surya Kant's ‘cockroach’ comment back in focus as MP says ‘thanks’ amid CJP march,https://www.hindustantimes.com/india-news/cji-surya-kants-cockroach-remark-returns-to-focus-as-mp-sanjay-raut-says-thanks-amid-cjp-march-wangchuk-strike-101784562412074.html,Unknown
"Gujarat man arrested for rape, killing 4-yr-old shot dead trying to escape: Cops",https://www.hindustantimes.com/india-news/gujarat-man-arrested-for-rape-killing-4-yr-old-shot-dead-trying-to-escape-cops-101784563531534.html,old shot dead trying to escape: Cops
"Pilots' association writes to aviation ministry and DGCA, flags risks to Indian flights amid West Asia conflict",https://www.hindustantimes.com/india-news/pilots-association-writes-to-aviation-ministry-and-dgca-flags-risks-to-indian-flights-amid-west-asia-conflict-101784556638832.html,Unknown
Pakistan politician reminds Islamabad how its army refused dead bodies of soldiers in Kargil,https://www.hindustantimes.com/india-news/pakistan-politician-reminds-islamabad-how-its-army-refused-dead-bodies-of-soldiers-in-kargil-101784559736498.html,Unknown
"‘Lied to family, faced lathis here’: Young women at CJP march recount experience, ‘like cockroaches, we'll return’",https://www.hindustantimes.com/india-news/lied-to-family-faced-lathis-here-young-women-at-cjp-march-recount-experience-like-cockroaches-well-return-101784551894363.html,Unknown
"Buy HDFC Bank; target of Rs 1,850: ICICI Securities",https://www.moneycontrol.com/news/recommendations/buy-hdfc-bank-targetrs-1850-icici-securities_17531671.html,Unknown
Buy Tejas Networks; target of Rs 1100: Emkay Global Financial,https://www.moneycontrol.com/news/recommendations/buy-tejas-networks-targetrs-1100-emkay-global-financial_17531621.html,Unknown
Buy Bajaj Finance; target of Rs 9000: Emkay Global Financial,https://www.moneycontrol.com/news/recommendations/buy-bajaj-finance-targetrs-9000-emkay-global-financial_17531641.html,Unknown
Buy Bajaj Finance; target of Rs 9000: Emkay Global Financial,https://www.moneycontrol.com/news/recommendations/buy-bajaj-finance-targetrs-9000-emkay-global-financial_17531631.html,Unknown
Reduce Persistent Systems; target of Rs 3700: Emkay Global Financial,https://www.moneycontrol.com/news/recommendations/reduce-persistent-systems-targetrs-3700-emkay-global-financial_17531581.html,Unknown
Reduce Aditya Birla Fashion and Retail; target of Rs 230: Emkay Global Financial,https://www.moneycontrol.com/news/recommendations/reduce-aditya-birla-fashionretail-targetrs-230-emkay-global-financial_17531571.html,Unknown
Reduce Wipro; target of Rs 410: ICICI Securities,https://www.moneycontrol.com/news/recommendations/reduce-wipro-targetrs-410-icici-securities_17531461.html,Unknown
Buy HDFC Life Insurance Company; target of Rs 739: ICICI Securities,https://www.moneycontrol.com/news/recommendations/buy-hdfc-life-insurance-company-targetrs-739-icici-securities_17531391.html,Unknown
Buy Patel Engineering; target of Rs 80: ICICI Direct,https://www.moneycontrol.com/news/recommendations/buy-patel-engineering-targetrs-80-icici-direct_17531401.html,Unknown
Accumulate Infosys; target of Rs 1531: KR Choksey,https://www.moneycontrol.com/news/recommendations/accumulate-infosys-targetrs-1531-kr-choksey_17531411.html,Unknown
Buy Jindal Drilling and Industries; target of Rs 960: Anand Rathi,https://www.moneycontrol.com/news/recommendations/buy-jindal-drillingindustries-targetrs-960-anand-rathi_17531431.html,Unknown
Buy Navneet Education; target of Rs 182: Prabhudas Lilladher,https://www.moneycontrol.com/news/recommendations/buy-navneet-education-targetrs-182-prabhudas-lilladher_17531441.html,Unknown
Sell Indus Tower; target of Rs 260: ICICI Securities,https://www.moneycontrol.com/news/recommendations/sell-indus-tower-targetrs-260-icici-securities_17531381.html,Unknown
Buy City Union Bank; target of Rs 170: ICICI Securities,https://www.moneycontrol.com/news/recommendations/buy-city-union-bank-targetrs-170-icici-securities_17531361.html,Unknown
Buy Hatsun Agro Products; target of Rs 1190: ICICI Securities,https://www.moneycontrol.com/news/recommendations/buy-hatsun-agro-products-targetrs-1190-icici-securities_17531371.html,Unknown
"SBI Funds makes strong D-St debut, ends 6.3% above IPO price",https://economictimes.indiatimes.com/markets/stocks/news/sbi-funds-makes-strong-d-st-debut-ends-6-3-above-ipo-price/articleshow/132549013.cms,"St debut, ends 6.3% above IPO price"
FCNR(B): Data show banks have raised $20.7 bn under scheme; $10 bn more may flow in,https://economictimes.indiatimes.com/markets/stocks/news/fcnrb-data-show-banks-have-raised-20-7-bn-under-scheme-10-bn-more-may-flow-in/articleshow/132549029.cms,Unknown
US stocks today: US stocks end higher as semiconductors surge amid Mideast war intensifies,https://economictimes.indiatimes.com/markets/us-stocks/news/us-stocks-today-us-stocks-end-higher-on-chip-stocks-recovery-earnings-draw-focus/articleshow/132546607.cms,Unknown
"Bigger crash ahead? JPMorgan CEO Dimon says he won't buy stocks at current prices, says markets underestimating risks",https://economictimes.indiatimes.com/markets/us-stocks/news/bigger-crash-ahead-jpmorgan-ceo-dimon-says-he-wont-buy-stocks-at-current-prices-says-markets-underestimating-risks/articleshow/132531782.cms,Unknown
Oil prices to hit $120 soon? Goldman Sachs makes big prediction as Hormuz concerns loom,https://economictimes.indiatimes.com/markets/commodities/news/oil-prices-to-hit-120-soon-goldman-sachs-makes-big-prediction-as-hormuz-concerns-loom/articleshow/132530153.cms,Unknown
ICICI Bank eyes $500 million dollar bond issue via GIFT City,https://economictimes.indiatimes.com/markets/bonds/icici-bank-eyes-500-million-dollar-bond-issue-via-gift-city/articleshow/132538886.cms,Unknown
"India-UK CETA takes effect: First zero-duty Indian coffee, jewellery consignments reach UK shores",https://economictimes.indiatimes.com/news/economy/foreign-trade/india-uk-ceta-takes-effect-first-zero-duty-indian-coffee-jewellery-consignments-reach-uk-shores/articleshow/132442764.cms,"duty Indian coffee, jewellery consignments reach UK shores"
From Oman to Tanzania: How the Iran war is redrawing India’s trade map,https://economictimes.indiatimes.com/news/economy/foreign-trade/from-oman-to-tanzania-how-the-iran-war-is-redrawing-indias-trade-map/articleshow/131762760.cms,Unknown
"FM Sitharaman flags global crisis spillovers, unfair burden on developing nations",https://economictimes.indiatimes.com/news/economy/policy/fm-sitharaman-flags-global-crisis-spillovers-unfair-burden-on-developing-nations/articleshow/131668427.cms,Unknown
World Bank Raises India's FY27 Growth Forecast to 6.6%,https://economictimes.indiatimes.com/news/economy/indicators/world-bank-raises-indias-fy27-growth-forecast-to-6-6/articleshow/131666828.cms,Unknown
India defies West Asia war concerns as Q4 GDP growth hits 7.8%; risks remain ahead,https://economictimes.indiatimes.com/news/economy/indicators/india-defies-west-asia-war-concerns-as-q4-gdp-growth-hits-7-8-risks-remain-ahead/articleshow/131540155.cms,Unknown
"Central bank turns piper to draw in foreign capital; leaves repo rate at 5.25, keeps stance neutral",https://economictimes.indiatimes.com/news/economy/policy/central-bank-turns-piper-to-draw-in-foreign-capital-leaves-repo-rate-at-5-25-keeps-stance-neutral/articleshow/131540001.cms,Unknown
Apple faces Indian engineer’s bias lawsuit,https://economictimes.indiatimes.com/tech/technology/apple-faces-indian-engineers-bias-lawsuit/articleshow/81694292.cms,Unknown
"Despite transatlantic 'love fest', EU charts third way in ties with US and China",https://economictimes.indiatimes.com/news/defence/despite-transatlantic-love-fest-eu-charts-third-way-in-ties-with-us-and-china/articleshow/81467467.cms,Unknown
Twitter's India policy head to step down; will transition in March,https://economictimes.indiatimes.com/tech/tech-bytes/twitters-india-policy-head-to-step-down-will-transition-in-march/articleshow/80732868.cms,Unknown
"Govt may keep Rs 7,500 cr outlay for IT hardware manufacturing under PLI scheme",https://economictimes.indiatimes.com/tech/tech-and-gadgets/govt-may-keep-rs-7500-cr-outlay-for-it-hardware-manufacturing-under-pli-scheme/articleshow/80333429.cms,Unknown
"Indian dating apps, services see surge of paying users in small cities",https://economictimes.indiatimes.com/tech/technology/indian-dating-apps-services-see-surge-of-paying-users-in-small-cities/articleshow/80063342.cms,Unknown
"Time for government, companies to adopt artificial intelligence: Deloitte India",https://economictimes.indiatimes.com/tech/technology/time-for-govt-cos-to-adopt-ai-deloitte-india/articleshow/79981215.cms,Unknown
"In 1928, a German architect proposed draining the Mediterranean Sea to create a Eurafrican supercontinent Atlantropa. Here's why",https://economictimes.indiatimes.com/news/new-updates/in-1928-a-german-architect-proposed-draining-the-mediterranean-sea-to-create-a-eurafrican-supercontinent-atlantropa-heres-why/articleshow/132477553.cms,Unknown
What is SAVE America Act? Here's all about Trump's plan to overhaul voting in America,https://economictimes.indiatimes.com/news/new-updates/what-is-save-america-act-heres-all-about-trumps-plan-to-overhaul-voting-in-america-check-details-summary/articleshow/132451258.cms,Unknown
What does 'Las Malvinas Son Argentinas' mean? All about the Falkland row that followed Messi's Argentina into the World Cup final,https://economictimes.indiatimes.com/news/new-updates/what-does-las-malvinas-son-argentinas-mean-all-about-the-falkland-row-that-followed-messis-argentina-into-the-world-cup-final/articleshow/132428679.cms,Unknown
Argentina-Falklands Banner Row: Messi's team be banned from FIFA World Cup final against Spain? What FIFA rules and past cases say,https://economictimes.indiatimes.com/news/new-updates/argentina-falklands-banner-row-messis-team-be-banned-from-fifa-world-cup-final-against-spain-what-fifa-rules-and-past-cases-say/articleshow/132428424.cms,Falklands Banner Row: Messi's team be banned from FIFA World Cup final against Spain? What FIFA rules and past cases say
Fatty liver new treatment found: Study discovers a medicine that reverses severe fatty liver by just repairing the gut,https://economictimes.indiatimes.com/news/new-updates/fatty-liver-new-treatment-found-study-discovers-a-medicine-that-reverses-severe-fatty-liver-by-just-repairing-the-gut/articleshow/132411844.cms,Unknown
Why people sleep with phones next to bed? Psychology and sociology studies say it's not because of any addiction or love for gadgets,https://economictimes.indiatimes.com/news/new-updates/why-people-sleep-with-phones-next-to-bed-psychology-and-sociology-studies-say-its-not-because-of-any-addiction-or-love-for-gadgets/articleshow/132411609.cms,Unknown
'Done deal': CM Himanta Biswa Sarma on NDA seat-sharing for Assam polls,https://economictimes.indiatimes.com/news/elections/assembly-elections/assam/done-deal-cm-himanta-biswa-sarma-on-nda-seat-sharing-for-assam-polls/articleshow/128678098.cms,sharing for Assam polls
Rare 'intensive' revision in Bihar four months before polls,https://economictimes.indiatimes.com/news/elections/assembly-elections/bihar/rare-intensive-revision-in-bihar-four-months-before-polls/articleshow/122167501.cms,Unknown
BJP accuses Kejriwal of sending voters hoax calls to mislead,https://economictimes.indiatimes.com/news/elections/assembly-elections/delhi/bjp-accuses-kejriwal-of-sending-voters-hoax-calls-to-mislead/articleshow/117579007.cms,Unknown
"Lok Sabha election 2024: Maharashtra get interesting after splits in Shiv Sena, NCP",https://economictimes.indiatimes.com/news/elections/lok-sabha/india/lok-sabha-election-2024-maharashtra-get-interesting-after-splits-in-shiv-sena-ncp/articleshow/108559788.cms,Unknown
Modi charisma key factor in BJP's bid to retain all 26 seats in Gujarat,https://economictimes.indiatimes.com/news/elections/lok-sabha/india/modi-charisma-key-factor-in-bjps-bid-to-retain-all-26-seats-in-gujarat/articleshow/108550858.cms,Unknown
"Implementation of 'guarantees', decline of BRS favour Congress in Telangana, BJP aiming for better show",https://economictimes.indiatimes.com/news/elections/lok-sabha/india/implementation-of-guarantees-decline-of-brs-favour-congress-in-telangana-bjp-aiming-for-better-show/articleshow/108548569.cms,Unknown
Traders bet on calendar spread as Nifty moves in a tight range,https://economictimes.indiatimes.com/traders-bet-on-calendar-spread-as-nifty-moves-in-a-tight-range/articleshow/6302358.cms,Unknown
Nifty may find support at 5300 level,https://economictimes.indiatimes.com/nifty-may-find-support-at-5300-level/articleshow/6296017.cms,Unknown
Seven out of top 10 Asian small-cap funds are Indian,https://economictimes.indiatimes.com/seven-out-of-top-10-asian-small-cap-funds-are-indian/articleshow/6295976.cms,cap funds are Indian
Inflation reflects growth dynamics in India: Christopher Wood,https://economictimes.indiatimes.com/inflation-reflects-growth-dynamics-in-india-christopher-wood/articleshow/6274053.cms,Unknown
"Market may trade in a range, but FIIs seen sold on India",https://economictimes.indiatimes.com/market-may-trade-in-a-range-but-fiis-seen-sold-on-india/articleshow/6277705.cms,Unknown
'Don't bank only on price-to-earning ratio',https://economictimes.indiatimes.com/dont-bank-only-on-price-to-earning-ratio/articleshow/6278228.cms,earning ratio'
Prabhudas Lilladher has a reduce rating on Infosys,https://economictimes.indiatimes.com/markets/stocks/recos/prabhudas-lilladher-has-a-reduce-rating-on-infosys/articleshow/3798718.cms,Unknown
Fin Crisis: Too late and too little done in US,https://economictimes.indiatimes.com/markets/stocks/recos/fin-crisis-too-late-and-too-little-done-in-us/articleshow/3794549.cms,Unknown
Weak rupee takes its toll on cos with huge foreign debt,https://economictimes.indiatimes.com/markets/forex/weak-rupee-takes-its-toll-on-cos-with-huge-foreign-debt/articleshow/3546158.cms,Unknown
Wait for more signals before turning positive,https://economictimes.indiatimes.com/markets/stocks/recos/wait-for-more-signals-before-turning-positive/articleshow/3292640.cms,Unknown
Six Indian cos among BusinessWeek's top 100 Infotech firms,https://economictimes.indiatimes.com/news/company/corporate-trends/six-indian-cos-among-businessweeks-top-100-infotech-firms/articleshow/3189334.cms,Unknown
Indian firms slip in global ranking; four move out of Top-500,https://economictimes.indiatimes.com/news/company/corporate-trends/indian-firms-slip-in-global-ranking-four-move-out-of-top-500/articleshow/3177077.cms,500
'Big Daddy' laps up Cipla after Q1 nos beat forecast,https://economictimes.indiatimes.com/markets/stocks/news/big-daddy-laps-up-cipla-after-q1-nos-beat-forecast/articleshow/6308646.cms,Unknown
Old Fox has dream run on Dalal Street,https://economictimes.indiatimes.com/markets/stocks/news/old-fox-has-dream-run-on-dalal-street/articleshow/6308631.cms,Unknown
Cairn India hits record high on BSE amid stake sale talks,https://economictimes.indiatimes.com/markets/stocks/news/cairn-india-hits-record-high-on-bse-amid-stake-sale-talks/articleshow/6306679.cms,Unknown
Vedanta plunges 5.59% on LSE amid talks to buy Cairn stake,https://economictimes.indiatimes.com/markets/stocks/news/vedanta-plunges-5-59-per-cent-on-lse-amid-talks-to-buy-cairn-stake/articleshow/6306526.cms,Unknown
SBI shares on gaining spree; hit record high,https://economictimes.indiatimes.com/markets/stocks/news/sbi-shares-on-gaining-spree-hit-record-high/articleshow/6306241.cms,Unknown
FM must rethink,https://economictimes.indiatimes.com/fm-must-rethink/articleshow/5645094.cms,Unknown
Amalgamate banks,https://economictimes.indiatimes.com/amalgamate-banks/articleshow/5645086.cms,Unknown
Managing data,https://economictimes.indiatimes.com/managing-data/articleshow/5117958.cms,Unknown
Right technology,https://economictimes.indiatimes.com/right-technology/articleshow/5117957.cms,Unknown
ET Search,https://economictimes.indiatimes.com/et-search/articleshow/21646857.cms,Unknown
"After the Oscars, what's next for silent stars of The Artist?",https://economictimes.indiatimes.com/after-the-oscars-whats-next-for-silent-stars-of-the-artist/articleshow/12075465.cms,Unknown
Delhi World Book fair: A fair like no other,https://economictimes.indiatimes.com/delhi-world-book-fair-a-fair-like-no-other/articleshow/12028630.cms,Unknown
Indian gift makes its way to State Department exhibition,https://economictimes.indiatimes.com/lk-advanis-gift-makes-its-way-to-state-department-exhibition-hall/articleshow/12017534.cms,Unknown
IMD to use dynamic models for forecasts,https://economictimes.indiatimes.com/india-meteorological-department-to-use-dynamic-models-for-forecasts/articleshow/11983844.cms,Unknown
Docs reveal contents of first wire msg between India &amp; Eng,https://economictimes.indiatimes.com/documents-reveal-contents-of-the-first-telegraph-message-between-india-england/articleshow/11976488.cms,Unknown
Worried Amitabh Bachchan fans pray to Lord Shiva for his recovery,https://economictimes.indiatimes.com/worried-amitabh-bachchan-fans-pray-to-lord-shiva-for-his-recovery/articleshow/11963187.cms,Unknown
Every decision of government needn’t be a big reform: Anand Mahindra,https://economictimes.indiatimes.com/opinion/interviews/every-decision-of-government-neednt-be-a-big-reform-anand-mahindra/articleshow/35919571.cms,Unknown
"Narendra Modi has his eyes set on boosting business: Joao Cravinho, EU Ambassador",https://economictimes.indiatimes.com/opinion/interviews/narendra-modi-has-his-eyes-set-on-boosting-business-joao-cravinho-eu-ambassador/articleshow/35973824.cms,Unknown
"Confidence level of industry improving: KV Kamath, ICICI Bank",https://economictimes.indiatimes.com/opinion/interviews/confidence-level-of-industry-improving-kv-kamath-icici-bank/articleshow/35945669.cms,Unknown
We may see rapid growth over the next few years: Raamdeo Agrawal,https://economictimes.indiatimes.com/opinion/interviews/we-may-see-rapid-growth-over-the-next-few-years-raamdeo-agrawal/articleshow/35831378.cms,Unknown
"Our commitment for press freedom, and autonomy of public broadcast is absolute: Prakash Javadekar",https://economictimes.indiatimes.com/opinion/interviews/our-commitment-for-press-freedom-and-autonomy-of-public-broadcast-is-absolute-prakash-javadekar/articleshow/35803396.cms,Unknown
"There is a leadership vacuum in Infosys, time to get Nandan Nilekani back: Mohandas Pai",https://economictimes.indiatimes.com/opinion/interviews/there-is-a-leadership-vacuum-in-infosys-time-to-get-nandan-nilekani-back-mohandas-pai/articleshow/35716682.cms,Unknown
"Bonus, dividends and stock splits: Bharti Airtel, Hero MotoCorp among 88 stocks turning ex-date this week. Do you own any?",https://economictimes.indiatimes.com/markets/stocks/news/bonus-dividends-and-stock-splits-bharti-airtel-hero-motocorp-among-88-stocks-turning-ex-date-this-week-do-you-own-any/articleshow/132491671.cms,date this week. Do you own any?
"Will Sensex, Nifty extend gains on Monday? Q1 earnings, global tech selloff among 6 factors to steer D-St this week",https://economictimes.indiatimes.com/markets/stocks/news/will-sensex-nifty-extend-gains-on-monday-q1-earnings-global-tech-selloff-among-6-factors-to-steer-d-st-this-week/articleshow/132489722.cms,St this week
"FPIs pull out Rs 27,000 cr in May; 2026 outflows hit Rs 2.2 lakh cr-mark",https://economictimes.indiatimes.com/markets/stocks/news/fpis-pull-out-rs-27000-cr-in-may-2026-outflows-hit-rs-2-2-lakh-cr-mark/articleshow/131149440.cms,mark
Oil prices to hit $150? How Indian stock markets may react as Iran war rages on,https://economictimes.indiatimes.com/markets/stocks/news/oil-prices-to-hit-150-how-indian-stock-markets-may-react-as-iran-war-rages-on/articleshow/129587020.cms,Unknown
"Why a 70:30 India-global portfolio makes sense in a changing world, Subho Moulik decodes",https://economictimes.indiatimes.com/markets/us-stocks/news/why-a-7030-india-global-portfolio-makes-sense-in-a-changing-world-subho-moulik-decodes/articleshow/127604085.cms,"global portfolio makes sense in a changing world, Subho Moulik decodes"
Kaynes shares plunge 43% from October peak. Is a tactical rebound on the cards or more pain ahead?,https://economictimes.indiatimes.com/markets/expert-view/kaynes-shares-plunge-43-from-october-peak-is-a-tactical-rebound-on-the-cards-or-more-pain-ahead/articleshow/125815992.cms,Unknown
"Alfa raises delisting price to Rs 2,850 a share",https://economictimes.indiatimes.com/markets/stocks/news/alfa-laval-raises-delisting-price-to-rs-2850-a-share/articleshow/11437373.cms,Unknown
"DB Realty, Unitech stocks rose",https://economictimes.indiatimes.com/markets/stocks/news/db-realty-unitech-stocks-rose-after-top-executives-granted-bail-in-2g-scam/articleshow/10925114.cms,Unknown
Fitch withdraws Reliance Capital ratings,https://economictimes.indiatimes.com/markets/stocks/news/fitch-withdraws-reliance-capital-ratings/articleshow/10430814.cms,Unknown
'Discoms' poor fin health poses risks for traders',https://economictimes.indiatimes.com/markets/stocks/news/discoms-poor-financial-health-poses-risks-for-power-traders-fitch/articleshow/10430186.cms,Unknown
Cigarette cos shares outperform benchmark Sensex,https://economictimes.indiatimes.com/markets/stocks/news/cigarette-companies-price-hikes-with-higher-volumes-hold-promise/articleshow/9277179.cms,Unknown
Lovable Lingerie's dream run on as traders lap it up,https://economictimes.indiatimes.com/markets/stocks/news/lovable-lingeries-dream-run-on-as-traders-lap-it-up/articleshow/8894615.cms,Unknown
"Jammu and Kashmir grapples weather fury for third day, civilian infrastructure massively damaged",https://www.thehindu.com/news/national/jammu-and-kashmir/jammu-and-kashmir-grapples-weather-fury-for-thirdday-civilian-infrastructure-massively-damaged/article71250494.ece,Unknown
Congress demands action against former Home Secretary over 1993 firing incident,https://www.thehindu.com/news/national/west-bengal/congressdemands-action-against-former-home-secretary-over-1993-firing-incident/article71250094.ece,Unknown
Outbound portability of medical scheme benefits Rajasthan’s patients,https://www.thehindu.com/sci-tech/health/outbound-portability-of-medical-scheme-benefits-rajasthans-patients/article71250061.ece,Unknown
Farmers stopped at Punjab-Haryana border en route to Delhi rally against India-U.S. trade deal,https://www.thehindu.com/news/national/haryana-police-close-shambu-border-ahead-of-farmers-motorcycle-rally/article71248028.ece,U.S. trade deal
Former Odisha CM Naveen Patnaik demands resignation of Education Minister Dharmendra Pradhan,https://www.thehindu.com/news/national/former-odisha-cm-naveen-patnaik-demands-resignation-of-education-minister-dharmendra-pradhan/article71250656.ece,Unknown
Uttar Pradesh cabinet approves free scooty scheme for college girls,https://www.thehindu.com/news/national/uttar-pradesh/uttar-pradesh-cabinet-approves-free-scooty-scheme-for-college-girls/article71250550.ece,Unknown
Clean energy push is India’s answer to transition challenges: UN climate chief,https://www.thehindu.com/sci-tech/energy-and-environment/clean-energy-push-is-indias-answer-to-transition-challenges-un-climate-chief/article71249549.ece,Unknown
Russian envoy summoned over death of Indian crew,https://www.thehindu.com/news/national/killing-of-4-indian-seafarers-india-summons-russian-envoy/article71248169.ece,Unknown
KSU stages railway blockade in Kannur,https://www.thehindu.com/news/national/kerala/ksu-stages-railway-blockade-in-kannur/article71250283.ece,Unknown
Wangchuk shifted from Safdarjung Hospital to Medanta in Gurugram after Delhi HC order,https://www.thehindu.com/news/national/wangchuk-shifted-from-safdarjung-hospital-to-medanta-in-gurugram-after-delhi-hc-order/article71250823.ece,Unknown
"Thousands brave rain and regroup at CJP protest site, day after police crackdown",https://www.thehindu.com/news/national/braving-rain-thousands-re-group-at-cjp-protest-site-at-jantar-mantar/article71250187.ece,Unknown
Food safety drive: six eateries inspected in Kochi,https://www.thehindu.com/news/national/kerala/food-safety-drive-six-eateries-inspected-in-kochi/article71250565.ece,Unknown
Three of family from Hyderabad killed in California road accident,https://www.thehindu.com/news/cities/Hyderabad/three-of-family-from-hyderabad-killed-in-california-road-accident/article71250927.ece,Unknown
NIA court allows special dietary arrangements for U.S. national accused in a terror case,https://www.thehindu.com/news/national/nia-court-allows-special-dietary-arrangements-for-us-national-accused-in-a-terror-case/article71250785.ece,Unknown
Study to evaluate impact of heat stress on health in Tamil Nadu and Karnataka,https://www.thehindu.com/news/national/tamil-nadu/study-to-evaluate-impact-of-heat-stress-on-health-in-tamil-nadu-and-karnataka/article71250181.ece,Unknown
Why Punjab’s Dalits remain divided,https://www.thehindu.com/opinion/op-ed/why-punjabs-dalits-remain-divided/article71250840.ece,Unknown
"Gold ornaments, bronze objects stolen from temple",https://www.thehindu.com/news/national/tamil-nadu/gold-ornaments-bronze-objects-stolen-from-temple/article71249850.ece,Unknown
BJP condemns Speaker’s observations on DMK MLA arrest,https://www.thehindu.com/news/national/tamil-nadu/bjp-condemns-speakers-observations-on-dmk-mla-arrest/article71250059.ece,Unknown
Around 1.75 tonnes of red sanders stolen from sandalwood depot,https://www.thehindu.com/news/national/tamil-nadu/around-175-tonnes-of-red-sanders-stolen-from-sandalwood-depot/article71249875.ece,Unknown
Two persons held for feeding gutka to baby,https://www.thehindu.com/news/national/tamil-nadu/two-persons-held-for-feeding-gutka-to-baby/article71249887.ece,Unknown
Residents demand relocation of Tasmac outlet near Cheyyar,https://www.thehindu.com/news/national/tamil-nadu/residents-demand-relocation-of-tasmac-outlet-near-cheyyar/article71249904.ece,Unknown
Storage in Karnataka’s Cauvery reservoirs stands at 52% of total capacity as CWMA is set to review situation on July 22,https://www.thehindu.com/news/national/karnataka/storage-in-karnatakas-cauvery-reservoirs-stands-at-52-of-total-capacity-as-cwma-is-set-to-review-situation-on-july-22/article71250250.ece,Unknown
Centenarian regains mobility after complex hip replacement surgery,https://www.thehindu.com/news/national/karnataka/centenarian-regains-mobility-after-complex-hip-replacement-surgery/article71250471.ece,Unknown
Applications invited for trustees in more temples,https://www.thehindu.com/news/cities/chennai/applications-invited-for-trustees-in-more-temples/article71250760.ece,Unknown
Karnataka High Court stays probe against man for tweet on Bantwal woman’s murder case,https://www.thehindu.com/news/national/karnataka/karnataka-high-court-stays-probe-against-man-for-tweet-on-bantwal-womans-murder-case/article71250279.ece,Unknown
Karnataka High Court seeks State’s response on plea seeking CBI probe into ‘illegalities’ in KPSC recruitments,https://www.thehindu.com/news/national/karnataka/karnataka-high-court-seeks-states-response-on-plea-seeking-cbi-probe-into-illegalities-in-kpsc-recruitments/article71249823.ece,Unknown
Kerala eyes major GCC investments with new strategic roadmap,https://www.thehindu.com/news/national/kerala/kerala-eyes-major-gcc-investments-with-new-strategic-roadmap/article71250001.ece,Unknown
"Pellet guns, shock batons used against protesters in Delhi; police deny",https://www.thehindu.com/news/national/pellet-guns-shock-batons-used-against-protesters-in-delhi-police-deny/article71250708.ece,Unknown
Kochi metro introduces additional peak-hour services,https://www.thehindu.com/news/national/kerala/kochi-metro-introduces-additional-peak-hour-services/article71250736.ece,hour services
Couple allegedly attempt suicide in ambulance in front of Kerala HC,https://www.thehindu.com/news/national/kerala/couple-allegedly-attempt-suicide-in-ambulance-in-front-of-kerala-hc/article71248410.ece,Unknown
"Allot developed plots to farmers who gave land for Education Hub, CM tells officials",https://www.thehindu.com/news/national/telangana/allot-developed-plots-to-farmers-who-gave-land-for-education-hub-cm-tells-officials/article71250943.ece,Unknown
Toxic gas kills 12 in Sikkim hydropower tunnel,https://www.thehindu.com/news/national/sikkim/sikkim-tunnel-collapse-namchi-district-workers-trapped-death-toll-july-21/article71248097.ece,Unknown
"After Valparai tragedy, Pang schoolchildren turn to art for healing",https://www.thehindu.com/news/national/kerala/after-valparai-tragedy-pang-schoolchildren-turn-to-art-for-healing/article71249673.ece,Unknown
"IIT Roorkee asks students, staff to refrain from political activity without prior approval",https://www.thehindu.com/news/national/iit-roorkee-warns-students-against-social-media-support-to-political-movements-like-current-one/article71248877.ece,Unknown
Unannounced midnight detention of train upsets pilgrims’ travel plans to Guruvayur,https://www.thehindu.com/news/national/kerala/unannounced-midnight-detention-of-train-upsets-pilgrims-travel-plans-to-guruvayur/article71250101.ece,Unknown
"Vazhipadu materials to be procured and issued exclusively by Central Store, TDB tells Kerala HC",https://www.thehindu.com/news/national/kerala/vazhipadu-materials-to-be-procured-and-issued-exclusively-by-central-store-tdb-tells-kerala-hc/article71250660.ece,Unknown
"CFTRI, NABARD join hands to bolster agro-food processing in Kalyana Karnataka",https://www.thehindu.com/news/national/karnataka/cfrti-nabard-join-hands-to-bolster-agro-food-processing-in-kalyana-karnataka/article71249265.ece,food processing in Kalyana Karnataka
"Kin of seafarers killed in Hormuz attacks demand UN intervention, compensation, govt. jobs",https://www.thehindu.com/news/national/kin-of-seafarers-killed-in-hormuz-attacks-demand-un-intervention-compensation-govt-jobs/article71250319.ece,Unknown
"Tamil rapper Arivu detained during bid to protest against NEET near Secretariat in Chennai, CM Vijay meets him",https://www.thehindu.com/news/national/tamil-nadu/tamil-rapper-arivu-detained-during-bid-to-protest-against-neet-near-secretariat-in-chennai-cm-vijay-meets-him/article71249166.ece,Unknown
"Tribunal sets aside most of the FEMA violation charges against Lalit Modi, BCCI",https://www.thehindu.com/news/national/tribunal-sets-aside-most-of-the-fema-violation-charges-against-lalit-modi-bcci/article71250908.ece,Unknown
Unaided school staff cannot be denied gratuity or PF: SHRC,https://www.thehindu.com/news/national/kerala/unaided-school-staff-cannot-be-denied-gratuity-or-pf-shrc/article71250451.ece,Unknown
"Violence has no place in democracy, says Kerala CM",https://www.thehindu.com/news/national/kerala/violence-has-no-place-in-democracy-says-kerala-cm/article71250690.ece,Unknown
"Union Education Minister Pradhan says Rahul, Congress exploiting students; CJP's Jantar Mantar protest site draws Opposition leaders | LIVE",https://www.thehindu.com/news/national/cjp-protest-delhi-jantar-mantar-sonam-wangchuk-july-21-2026/article71247869.ece,Unknown
"Pawar, Kejriwal, other Opposition leaders visit Jantar Mantar after crackdown; back CJP protest",https://www.thehindu.com/news/national/pawar-kejriwal-other-opposition-leaders-visit-jantar-mantar-after-crackdown-back-cjp-protest/article71250952.ece,Unknown
"Rahul changed goalposts to end sit-in, says govt.; BJP terms protest at PM’s residence a ‘symbol of anarchy’",https://www.thehindu.com/news/national/sensitivity-of-protest-venue-stature-of-lop-led-to-quicker-talks-but-rahul-changed-goalposts-govt/article71250102.ece,"in, says govt.; BJP terms protest at PM’s residence a ‘symbol of anarchy’"
Revanth condemns detention of Rahul and Priyanka,https://www.thehindu.com/news/national/telangana/revanth-condemns-detention-of-rahul-and-priyanka/article71250948.ece,Unknown
"Nurses protest, demand withdrawal of T.N. government’s staff reduction measures",https://www.thehindu.com/news/cities/chennai/nurses-protest-demand-withdrawal-of-tn-governments-staff-reduction-measures/article71250130.ece,Unknown
New curriculum for Classes IV-XII to include subjects on emerging technologies,https://www.thehindu.com/news/cities/chennai/new-curriculum-for-classes-iv-xii-to-include-subjects-on-emerging-technologies/article71250047.ece,XII to include subjects on emerging technologies
"SIT formed to look into allegations against Art of Living, says Karnataka Deputy Chief Minister",https://www.thehindu.com/news/national/karnataka/sit-formed-to-look-into-allegations-against-art-of-living-says-karnataka-deputy-chief-minister/article71250381.ece,Unknown
Congress takes out Lok Bhavan march in Thiruvananthapuram,https://www.thehindu.com/news/national/kerala/congress-takes-out-lok-bhavan-march-in-thiruvananthapuram/article71250907.ece,Unknown
"SC sets aside death sentence in 1996 Rajasthan bus blast case, orders fresh trial",https://www.thehindu.com/news/national/sc-sets-aside-death-sentence-in-1996-rajasthan-bus-blast-case-orders-fresh-trial/article71249661.ece,Unknown
"Dubai-based IT manager alleges humiliating Customs search at Kannur airport, seeks CM’s intervention",https://www.thehindu.com/news/national/kerala/dubai-based-it-manager-alleges-humiliating-customs-search-at-kannur-airport-seeks-cms-intervention/article71248389.ece,"based IT manager alleges humiliating Customs search at Kannur airport, seeks CM’s intervention"
"Rahul Gandhi, Congress MPs detained after taking paper leak protest to the PM’s doorstep",https://www.thehindu.com/news/national/rahul-priyanka-congress-leaders-protest-outside-prime-minister-residence-several-detained/article71249124.ece,Unknown
"UDF stand on Waqf will sacrifice minority interests, says Pinarayi Vijayan",https://www.thehindu.com/news/national/kerala/udf-stand-on-waqf-will-sacrifice-minority-interests-says-pinarayi-vijayan/article71250487.ece,Unknown
Madhya Pradesh Assembly passes UCC Bill amid Congress sloganeering,https://www.thehindu.com/news/national/madhya-pradesh/madhya-pradesh-assembly-passes-ucc-bill-amid-congress-sloganeering/article71250224.ece,Unknown
"Welfare Minister consoles slain Dalit woman’s family, hands over ex gratia",https://www.thehindu.com/news/national/telangana/welfare-minister-consoles-slain-dalit-womans-family-hands-over-ex-gratia/article71250766.ece,Unknown
Pedestrians welcome Shivajinagar footpath clearance despite attack,https://www.thehindu.com/news/cities/bangalore/pedestrians-welcome-shivajinagar-footpath-clearance-despite-attack/article71250607.ece,Unknown
Court rejects bail pleas of seven accused in attack on ED team,https://www.thehindu.com/news/national/kerala/court-rejects-bail-pleas-of-seven-accused-in-attack-on-ed-team/article71250426.ece,Unknown
Kavaratti resident found guilty of sexual assault of minor boy,https://www.thehindu.com/news/national/kerala/kavaratti-resident-found-guilty-of-sexual-assault-of-minor-boy/article71250651.ece,Unknown
"Man steals TGSRTC bus, hits three motorcyclists, detained after crashing into tree",https://www.thehindu.com/news/national/telangana/man-steals-tgsrtc-bus-hits-three-motorcyclists-detained-after-crashing-into-tree/article71250677.ece,Unknown
Three of family from Hyderabad killed in California road accident,https://www.thehindu.com/news/cities/Hyderabad/three-of-family-from-hyderabad-killed-in-california-road-accident/article71250927.ece,Unknown
"Allot developed plots to farmers who gave land for Education Hub, CM tells officials",https://www.thehindu.com/news/national/telangana/allot-developed-plots-to-farmers-who-gave-land-for-education-hub-cm-tells-officials/article71250943.ece,Unknown
Revanth condemns detention of Rahul and Priyanka,https://www.thehindu.com/news/national/telangana/revanth-condemns-detention-of-rahul-and-priyanka/article71250948.ece,Unknown
"Welfare Minister consoles slain Dalit woman’s family, hands over ex gratia",https://www.thehindu.com/news/national/telangana/welfare-minister-consoles-slain-dalit-womans-family-hands-over-ex-gratia/article71250766.ece,Unknown
"Man steals TGSRTC bus, hits three motorcyclists, detained after crashing into tree",https://www.thehindu.com/news/national/telangana/man-steals-tgsrtc-bus-hits-three-motorcyclists-detained-after-crashing-into-tree/article71250677.ece,Unknown
Rain soaks Hyderabad on July 20-21; several Telangana districts receive intense showers,https://www.thehindu.com/news/cities/Hyderabad/rain-drenches-hyderabad-on-june-20-and-21-several-telangana-districts-receive-intense-showers/article71248478.ece,21; several Telangana districts receive intense showers
"Hyderabad protests back Wangchuk, slam Delhi police crackdown",https://www.thehindu.com/news/cities/Hyderabad/hyderabad-protests-back-wangchuk-slam-delhi-police-crackdown/article71250493.ece,Unknown
"Congress will face youth, farmers’ ire over unkept promises: KTR",https://www.thehindu.com/news/national/telangana/congress-will-face-youth-farmers-ire-over-unkept-promises-ktr/article71250119.ece,Unknown
Nine Devadula pumps will run 24x7: Uttam,https://www.thehindu.com/news/national/telangana/nine-devadula-pumps-will-run-24x7-uttam/article71250310.ece,Unknown
"Taliperu reservoir gets fresh inflows, 15 gates opened",https://www.thehindu.com/news/national/telangana/taliperu-reservoir-gets-fresh-inflows-15-gates-opened/article71250390.ece,Unknown
State to seek Centre’s help in tackling  El Nino impact,https://www.thehindu.com/news/national/telangana/state-to-seek-centres-help-in-tackling-el-nino-impact/article71250065.ece,Unknown
Scale up thermal power generation to meet rising energy demand: Bhatti,https://www.thehindu.com/news/national/telangana/scale-up-thermal-power-generation-to-meet-rising-energy-demand-bhatti/article71250167.ece,Unknown
Telangana preparing plans to meet El Nino affect: Bhatti,https://www.thehindu.com/news/national/telangana/telangana-preparing-plans-to-meet-el-nino-affect-bhatti/article71250165.ece,Unknown
City lags behind in SIR enumeration process despite extension of deadline,https://www.thehindu.com/news/national/telangana/city-lags-behind-in-sir-enumeration-process-despite-extension-of-deadline/article71250288.ece,Unknown
Five women develop complications after C-sections at Telangana govt. hospital; inquiry ordered,https://www.thehindu.com/news/national/telangana/five-women-develop-complications-after-c-sections-at-telangana-govt-hospital-inquiry-ordered/article71250242.ece,sections at Telangana govt. hospital; inquiry ordered
Application window for Telangana govt’s affordable flats in Hyderabad now active; deadline is August 10,https://www.thehindu.com/news/cities/Hyderabad/application-window-for-telangana-govts-affordable-flats-in-hyderabad-now-active-deadline-is-august-10/article71248537.ece,Unknown
Man critically injured after his scooter crashed into parked trolley auto in Amberpet,https://www.thehindu.com/news/cities/Hyderabad/man-critically-injured-after-his-scooter-crashed-into-parked-trolley-auto-in-amberpet/article71250064.ece,Unknown
"Three killed, six injured in road accident in Sangareddy",https://www.thehindu.com/news/cities/Hyderabad/three-killed-six-injured-in-road-accident-in-sangareddy/article71250051.ece,Unknown
Telangana TET for in-service teachers to be held in September,https://www.thehindu.com/news/national/telangana/telangana-tet-for-in-service-teachers/article71250023.ece,service teachers to be held in September
"SCR general manager visits Hyderabad Metro control centre, reviews operations",https://www.thehindu.com/news/cities/Hyderabad/scr-general-manager-visits-hyderabad-metro-control-centre-reviews-operations/article71249576.ece,Unknown
"NGO flags accountability, citizen participation gaps in CURE Bill",https://www.thehindu.com/news/national/telangana/cure-bill-could-be-better-says-ngo/article71249590.ece,Unknown
"DGP reviews security, technology overhaul and police reforms at staff officers’ meeting",https://www.thehindu.com/news/cities/Hyderabad/dgp-reviews-security-technology-overhaul-and-police-reforms-at-staff-officers-meeting/article71249495.ece,Unknown
Drones deployed for the first time to manage Golconda Bonalu traffic,https://www.thehindu.com/news/cities/Hyderabad/drones-deployed-for-the-first-time-to-manage-golconda-bonalu-traffic/article71249256.ece,Unknown
Two men convicted in Balapur POCSO case sentenced to 10 and 5 years each,https://www.thehindu.com/news/cities/Hyderabad/two-men-convicted-in-balapur-pocso-case-sentenced-to-10-and-5-years-each/article71249564.ece,Unknown
Kavitha wants benefits for Telangana activists on par with freedom fighters,https://www.thehindu.com/news/national/telangana/kavitha-wants-benefits-for-telangana-activists-on-par-with-freedom-fighters/article71249516.ece,Unknown
Three Government Whips accorded Minister rank,https://www.thehindu.com/news/national/telangana/three-government-whips-accorded-minister-rank/article71249703.ece,Unknown
"IICT, ISRO team up to develop eco-friendly blowing agents",https://www.thehindu.com/news/cities/Hyderabad/iict-isro-team-up-to-develop-eco-friendly-blowing-agents/article71249391.ece,friendly blowing agents
Harish Rao flays govt. for its ‘failure’ to operate all pumps of Devadula,https://www.thehindu.com/news/national/telangana/harish-rao-flays-govt-for-its-failure-to-operate-all-pumps-of-devadula/article71248995.ece,Unknown
Cyberabad Police refund over ₹25 crore to cyber fraud victims so far this year,https://www.thehindu.com/news/cities/Hyderabad/cyberabad-police-refund-over-25-crore-to-cyber-fraud-victims-so-far-this-year/article71249426.ece,Unknown
Hyderabad Police invoke PD Act against rowdy sheeter with 15 criminal cases,https://www.thehindu.com/news/cities/Hyderabad/hyderabad-police-invoke-pd-act-against-rowdy-sheeter-with-15-criminal-cases/article71249229.ece,Unknown
"B.Tech student found dead in Narsingi residence, police recover note alleging harassment",https://www.thehindu.com/news/cities/Hyderabad/btech-student-found-dead-in-narsingi-residence-police-recover-note-alleging-harassment/article71249320.ece,Unknown
Fast food outlet owner gets one-day jail for violating night operating hours,https://www.thehindu.com/news/cities/Hyderabad/fast-food-outlet-owner-gets-one-day-jail-for-violating-night-operating-hours/article71249337.ece,day jail for violating night operating hours
World Photography Day contest at UoH,https://www.thehindu.com/news/cities/Hyderabad/world-photography-day-contest-at-uoh/article71249439.ece,Unknown
‘Chalo Lok Bhavan’ protest in Hyderabad calls for Union Education Minister Dharmendra Pradhan’s removal,https://www.thehindu.com/news/national/telangana/chalo-lok-bhavan-protest-in-hyderabad-calls-for-union-education-minister-dharmendra-pradhans-removal/article71249341.ece,Unknown
Flyovers and underpasses in Hyderabad’s IT corridor targeted for completion by May 2027,https://www.thehindu.com/news/cities/Hyderabad/flyovers-in-hyderabads-it-corridor-busy-junctions-targeted-for-completion-by-may-2027/article71248228.ece,Unknown
"Proposed property tax revision under CURE an “outright tax extortion”, says Telangana BJP chief Ramchander Rao",https://www.thehindu.com/news/national/telangana/proposed-property-tax-revision-under-cure-an-outright-tax-extortion-says-telangana-bjp-chief-ramchander-rao/article71248919.ece,Unknown
Khajaguda traffic snarls worsen as flyover and underpass works squeeze road space for 3 lakh vehicles daily; diversions soon,https://www.thehindu.com/news/cities/Hyderabad/khajaguda-traffic-snarls-worsen-as-flyover-and-underpass-works-squeeze-road-space-for-3-lakh-vehicles-daily-diversions-soon/article71248982.ece,Unknown
Balakrishna tears knee muscle in fall on ‘NBK 111’ sets; to undergo minor surgery,https://www.thehindu.com/news/national/andhra-pradesh/balakrishna-tears-knee-muscle-in-fall-on-nbk-111-sets-to-undergo-minor-surgery/article71248680.ece,Unknown
Thunderstorms forecast in 11 Telangana districts on July 22,https://www.thehindu.com/news/national/telangana/thunderstorm-forecast-in-11-telangana-districts-on-july-22/article71248583.ece,Unknown
"Telangana launches Indiramma Housing scheme in Hyderabad; releases eligibility, application procedure, beneficiary contribution details",https://www.thehindu.com/news/cities/Hyderabad/telangana-launches-indiramma-houses-in-hyderabad-cure/article71244258.ece,Unknown
"From luxury villas to gold, Telangana ACB sharpens focus on public servants’ disproportionate assets",https://www.thehindu.com/news/national/telangana/from-luxury-villas-to-gold-telangana-acb-sharpens-focus-on-public-servants-disproportionate-assets/article71234933.ece,Unknown
Sexual assault-accused trainee IPS officer found unconscious,https://www.thehindu.com/news/national/telangana/trainee-ips-officer-booked-for-sexual-assault-collapses-after-alcohol-consumption/article71246126.ece,accused trainee IPS officer found unconscious
Godrej Agrovet’s integrated oil palm complex in Khammam opened,https://www.thehindu.com/news/national/telangana/godrej-agrovets-integrated-oil-palm-complex-in-khammam-opened/article71246281.ece,Unknown
Evening rain catches Hyderabad commuters off guard,https://www.thehindu.com/news/cities/Hyderabad/evening-rain-catches-hyderabad-commuters-off-guard/article71246551.ece,Unknown
Excise officials arrest three with 40.5 kg ganja Bhadradri Kothagudem district,https://www.thehindu.com/news/national/telangana/excise-officials-arrest-three-with-405-kg-ganja-bhadradri-kothagudem-district/article71246535.ece,Unknown
Govt. failed to weather El Nino effect despite opportunities: KTR,https://www.thehindu.com/news/national/telangana/govt-failed-to-weather-el-nino-effect-despite-opportunities-ktr/article71246521.ece,Unknown
Two long-awaited Hyderabad projects near finish line; launch expected next month,https://www.thehindu.com/news/national/telangana/two-long-awaited-hyderabad-projects-near-finish-line-launch-expected-next-month/article71246063.ece,awaited Hyderabad projects near finish line; launch expected next month
Telangana receives ₹200-crore Central incentive for maternal and child healthcare,https://www.thehindu.com/news/national/telangana/telangana-receives-200-crore-central-incentive-for-maternal-and-child-healthcare/article71245747.ece,crore Central incentive for maternal and child healthcare
Govt. to permit Kaleshwaram barrages’ operation only after experts’ nod: Uttam,https://www.thehindu.com/news/national/telangana/govt-to-permit-kaleshwaram-barrages-operation-only-after-experts-nod-uttam/article71246066.ece,Unknown
"Three minor girls from migrant families leave homes with luggage in Hyderabad, search on",https://www.thehindu.com/news/national/telangana/three-minor-girls-from-migrant-families-leave-homes-with-luggage-in-hyderabad-search-on/article71246353.ece,Unknown
Warangal Airport project gets in-principle nod; AAI floats tenders,https://www.thehindu.com/news/national/telangana/warangal-airport-project-gets-in-principle-nod-aai-floats-tenders/article71246320.ece,principle nod; AAI floats tenders
"Bhatti Vikramarka inaugurates Integrated Oil Palm Complex, calls oil palm an assured source of income even during drought",https://www.thehindu.com/news/national/telangana/bhatti-vikramarka-inaugurates-integrated-oil-palm-complex-calls-oil-palm-an-assured-source-of-income-even-during-drought/article71246117.ece,Unknown
Man attacks wife with knife at police station in Khammam,https://www.thehindu.com/news/national/telangana/man-attacks-wife-with-knife-at-police-station-in-khammam/article71245653.ece,Unknown
"Telangana steps up El Nino preparedness, urges crop shift as rainfall deficit widens",https://www.thehindu.com/news/national/telangana/telangana-steps-up-el-nino-preparedness-urges-crop-shift-as-rainfall-deficit-widens/article71245792.ece,Unknown
Andhra and Telangana direct tax collections grow 19.47% in first quarter of 2026-27,https://www.thehindu.com/news/cities/Visakhapatnam/andhra-and-telangana-direct-tax-collections-grow-1947-in-first-quarter-of-2026-27/article71244253.ece,27
"Traffic diversions in Balkampet for Yellamma Kalyanam and Rathotsavam on July 21, 22",https://www.thehindu.com/news/cities/Hyderabad/traffic-diversions-in-balkampet-for-yellamma-kalyanam-and-rathotsavam-on-july-21-22/article71245217.ece,Unknown
Two-day PGI orientation programme begins at Dr. MCR HRD,https://www.thehindu.com/news/cities/Hyderabad/two-day-pgi-orientation-programme-begins-at-dr-mcr-hrd/article71244888.ece,day PGI orientation programme begins at Dr. MCR HRD
Raghu Vamsi Aerospace Group raises $40 million,https://www.thehindu.com/news/cities/Hyderabad/raghu-vamsi-aerospace-group-raises-40-million/article71244946.ece,Unknown
LAWCET counselling dates further extended,https://www.thehindu.com/news/national/telangana/lawcet-counselling-dates-further-extended/article71244917.ece,Unknown
Police foil SFI’s protest in Hyderabad in support of indefinite hunger strike at Jantar Mantar,https://www.thehindu.com/news/national/telangana/police-foil-sfis-protest-in-hyderabad-in-support-of-indefinite-hunger-strike-at-jantar-mantar/article71245089.ece,Unknown
"Shining Stars Awards honour toppers in Alluri, Anakapalli districts",https://www.thehindu.com/news/national/andhra-pradesh/shining-stars-awards-honour-toppers-in-alluri-anakapalli-districts/article71246288.ece,Unknown
Atchannaidu urges greater central support for agriculture in Andhra Pradesh,https://www.thehindu.com/news/national/andhra-pradesh/atchannaidu-urges-greater-central-support-for-agriculture-in-andhra-pradesh/article71249409.ece,Unknown
Bhogapuram airport launch: CM Naidu heads to Delhi to invite PM Modi,https://www.thehindu.com/news/national/andhra-pradesh/bhogapuram-airport-launch-cm-naidu-heads-to-delhi-to-invite-pm-modi/article71250277.ece,Unknown
YSRCP petitions Election Commission over cross-State voter duplication,https://www.thehindu.com/news/national/andhra-pradesh/ysrcp-petitions-election-commission-over-cross-state-voter-duplication/article71249973.ece,State voter duplication
Andhra Pradesh Tourism bags ‘Best Wedding Destination Emerging State’ award,https://www.thehindu.com/news/national/andhra-pradesh/andhra-pradesh-tourism-bags-best-wedding-destination-emerging-state-award/article71250214.ece,Unknown
"Meditation offers stress relief, inner peace, says Swami Smaranananda",https://www.thehindu.com/news/national/andhra-pradesh/meditation-offers-stress-relief-inner-peace-says-swami-smaranananda/article71250080.ece,Unknown
Panel discussion to promote brain health in Guntur on July 22,https://www.thehindu.com/news/national/andhra-pradesh/panel-discussion-to-promote-brain-health-in-guntur-on-july-22/article71250215.ece,Unknown
"Udayagiri wooden cutlery, Etikoppaka toys among 99 ODOP products from Andhra Pradesh, Union Minister tells Lok Sabha",https://www.thehindu.com/news/national/andhra-pradesh/udayagiri-wooden-cutlery-etikoppaka-toys-among-99-odop-products-from-andhra-pradesh-union-minister-tells-lok-sabha/article71250139.ece,Unknown
APSSDC launches campaign to boost participation in IndiaSkills Competition 2026-27,https://www.thehindu.com/news/national/andhra-pradesh/apssdc-launches-campaign-to-boost-participation-in-indiaskills-competition-2026-27/article71249945.ece,27
Anantapur set to become garbage-free with new waste processing plant,https://www.thehindu.com/news/national/andhra-pradesh/anantapur-set-to-become-garbage-free-with-new-waste-processing-plant/article71249758.ece,free with new waste processing plant
Document writers protest against alleged privatisation of registration services,https://www.thehindu.com/news/national/andhra-pradesh/document-writers-protest-against-alleged-privatisation-of-registration-services/article71249897.ece,Unknown
GoM to examine phased shift of bulk cargo from Visakhapatnam Port to Mulapeta Port,https://www.thehindu.com/news/national/andhra-pradesh/gom-to-examine-phased-shift-of-bulk-cargo-from-visakhapatnam-port-to-mulapeta-port/article71249427.ece,Unknown
30 assistance centres to be set up along Simhachalam Giri Pradakshina route,https://www.thehindu.com/news/cities/Visakhapatnam/30-assistance-centres-to-be-set-up-along-simhachalam-giri-pradakshina-route/article71249437.ece,Unknown
"Left parties, YSRCP criticise Centre, A.P. government over democratic rights",https://www.thehindu.com/news/national/andhra-pradesh/left-parties-ysrcp-criticise-centre-ap-government-over-democratic-rights/article71249690.ece,Unknown
"Jio, Airtel, BSNL urged to expand network, internet services in Chintoor agency",https://www.thehindu.com/news/national/andhra-pradesh/jio-airtel-bsnl-urged-to-expand-network-internet-services-in-chintoor-agency/article71250033.ece,Unknown
Kumkis to be deployed to reduce elephant-human conflict in Manyam,https://www.thehindu.com/news/national/andhra-pradesh/two-kumkis-to-check-jumbo-incursions-in-parvathipuram-manyam-district/article71249835.ece,human conflict in Manyam
"A.P. unveils White Paper on irrigation; ₹35,555-crore plan to complete 36 projects by 2028",https://www.thehindu.com/news/national/andhra-pradesh/ap-unveils-white-paper-on-irrigation-35555-crore-plan-to-complete-36-projects-by-2028/article71249820.ece,crore plan to complete 36 projects by 2028
A.P. signs MoU with UAE to set up food cluster; ₹100-crore processing unit proposed in Chittoor,https://www.thehindu.com/news/national/andhra-pradesh/ap-signs-mou-with-uae-to-set-up-food-cluster-100-crore-processing-unit-prposed-in-chittoor/article71249628.ece,crore processing unit proposed in Chittoor
"Walk the talk on protecting tribal rights, CPI(M) tells CM Naidu",https://www.thehindu.com/news/national/andhra-pradesh/walk-the-talk-on-protecting-tribal-rights-cpim-tells-cm-naidu/article71249870.ece,Unknown
TUDA proposes new road to connect major national highways near Tirupati,https://www.thehindu.com/news/national/andhra-pradesh/tuda-proposes-new-road-to-connect-major-national-highways-near-tirupati/article71248612.ece,Unknown
"Land scam: TDP presses for arrest of former Speaker Thammineni, kin",https://www.thehindu.com/news/national/andhra-pradesh/land-scam-tdp-presses-for-arrest-of-former-speaker-thammineni-kin/article71249007.ece,Unknown
Speakers highlight rising drug abuse among youth at awareness programme,https://www.thehindu.com/news/national/andhra-pradesh/speakers-highlight-rising-drug-abuse-among-youth-at-awareness-programme/article71249216.ece,Unknown
"Centre’s replies in Parliament contradict State’s claims on investments, job creation, says YSRCP",https://www.thehindu.com/news/national/andhra-pradesh/centres-replies-in-parliament-contradict-states-claims-on-investments-job-creation-says-ysrcp/article71249567.ece,Unknown
Tobacco farmers to meet YSRCP president Jagan today,https://www.thehindu.com/news/national/andhra-pradesh/tobacco-farmers-to-meet-ysrcp-president-jagan-today/article71249511.ece,Unknown
Kadiri police capture theft accused after he escapes custody,https://www.thehindu.com/news/national/andhra-pradesh/kadiri-police-capture-theft-accused-after-he-escapes-custody/article71248966.ece,Unknown
"Address genuine concerns of protesting students in Delhi, says YSRCP",https://www.thehindu.com/news/national/andhra-pradesh/address-genuine-concerns-of-protesting-students-in-delhi-says-ysrcp/article71249479.ece,Unknown
Balakrishna tears knee muscle in fall on ‘NBK 111’ sets; to undergo minor surgery,https://www.thehindu.com/news/national/andhra-pradesh/balakrishna-tears-knee-muscle-in-fall-on-nbk-111-sets-to-undergo-minor-surgery/article71248680.ece,Unknown
"Resolve service issues of Waltair Division employees after split, DRUCC member asks Railway Board",https://www.thehindu.com/news/national/andhra-pradesh/resolve-service-issues-of-waltair-division-employees-after-split-drucc-member-asks-railway-board/article71248371.ece,Unknown
"Nara Lokesh distributes land titles to 3,000 residents in Mangalagiri",https://www.thehindu.com/news/national/andhra-pradesh/nara-lokesh-distributes-land-titles-to-3000-residents-in-mangalagiri/article71248159.ece,Unknown
Woman-founded Amaravati startup Bringgg secures ₹40 lakh NRI investment,https://www.thehindu.com/news/national/andhra-pradesh/woman-founded-amaravati-startup-bringgg-secures-40-lakh-nri-investment/article71244987.ece,founded Amaravati startup Bringgg secures ₹40 lakh NRI investment
"No new diarrhoea cases reported in Giripuram, officials confirm",https://www.thehindu.com/news/national/andhra-pradesh/no-new-diarrhoea-cases-reported-in-giripuram-officials-confirm/article71246204.ece,Unknown
Best performing students urged to become role models at Shining Stars award event,https://www.thehindu.com/news/national/andhra-pradesh/best-performing-students-urged-to-become-role-models-at-shining-stars-award-event/article71245904.ece,Unknown
Woman allege rape by gym trainer,https://www.thehindu.com/news/national/andhra-pradesh/woman-allege-rape-by-gym-trainer/article71246606.ece,Unknown
"Govt. felicitates 134 meritorious students in SSC, Intermediate",https://www.thehindu.com/news/national/andhra-pradesh/govt-felicitates-134-meritorious-students-in-ssc-intermediate/article71244806.ece,Unknown
Nine arrested in Guntur assault case,https://www.thehindu.com/news/national/andhra-pradesh/nine-arrested-in-guntur-assault-case/article71245743.ece,Unknown
Five arrested in Guntur for murders linked to missing person cases,https://www.thehindu.com/news/national/andhra-pradesh/five-arrested-in-guntur-for-murders-linked-to-missing-persons-cases/article71246131.ece,Unknown
El Nino: Minister directs officials to assess situation daily,https://www.thehindu.com/news/national/andhra-pradesh/minister-urges-daily-monitoring-for-el-nino-preparedness-in-anantapur/article71245562.ece,Unknown
"Nellore children’s park to have zip line, cycling track, says Minister",https://www.thehindu.com/news/national/andhra-pradesh/nellore-childrens-park-to-introduce-sky-drive-zip-line-soon-says-minister/article71245744.ece,Unknown
Bhogapuram airport launch: 10-day fete to drive awareness on economic impact,https://www.thehindu.com/news/national/andhra-pradesh/bhogapuram-airport-launch-10-day-fete-to-drive-awareness-on-economic-impact/article71246395.ece,day fete to drive awareness on economic impact
"Govt. will hold talks with tribal organisations on key issues soon, says Naidu",https://www.thehindu.com/news/national/andhra-pradesh/govt-will-hold-talks-with-tribal-organisations-on-key-issues-soon-says-naidu/article71245960.ece,Unknown
₹207 crore boost for tourism projects in A.P. : Union Minister,https://www.thehindu.com/news/national/andhra-pradesh/207-crore-boost-for-tourism-projects-in-ap-union-minister/article71246222.ece,Unknown
"Current politics will not allow a Kapu leader to become CM of A.P., says MLC Somu Veerraju",https://www.thehindu.com/news/national/andhra-pradesh/current-politics-will-not-allow-a-kapu-leader-to-become-cm-of-ap-says-mlc-somu-veerraju/article71245685.ece,Unknown
13 boats seized for illegal sand mining in Rajamahendravaram,https://www.thehindu.com/news/national/andhra-pradesh/13-boats-seized-for-illegal-sand-mining-in-rajamahendravaram/article71246198.ece,Unknown
TDP shifts focus to Proddatur amid internal factional tensions,https://www.thehindu.com/news/national/andhra-pradesh/tdp-shifts-focus-to-proddatur-amid-internal-factional-tensions/article71245258.ece,Unknown
State clears ₹522 crore power works for 2027 Godavari Pushkaralu,https://www.thehindu.com/news/national/andhra-pradesh/state-clears-522-crore-power-works-for-2027-godavari-pushkaralu/article71245900.ece,Unknown
A.P. Health Minister flags off Jagannath Rath Yatra in Dharmavaram,https://www.thehindu.com/news/national/andhra-pradesh/ap-health-minister-flags-off-jagannath-rath-yatra-in-dharmavaram/article71245560.ece,Unknown
Artistes from Telugu States converge at Tirupati for National Theatre Festival,https://www.thehindu.com/news/national/andhra-pradesh/artistes-from-telugu-states-converge-at-tirupati-for-national-theatre-festival/article71245887.ece,Unknown
Fervour marks ISKCON’s first-ever Jagannath Rath Yatra in Tirupati,https://www.thehindu.com/news/national/andhra-pradesh/fervour-marks-iskcons-first-ever-jagannath-rath-yatra-in-tirupati/article71245714.ece,ever Jagannath Rath Yatra in Tirupati
Andhra and Telangana direct tax collections grow 19.47% in first quarter of 2026-27,https://www.thehindu.com/news/cities/Visakhapatnam/andhra-and-telangana-direct-tax-collections-grow-1947-in-first-quarter-of-2026-27/article71244253.ece,27
"Lokesh to distribute 3,000 house site title deeds in Mangalagiri on July 21 and 22",https://www.thehindu.com/news/national/andhra-pradesh/lokesh-to-distribute-3000-house-site-title-deeds-in-mangalagiri-on-july-21-and-22/article71245475.ece,Unknown
Kadapa police reject media claims of woman’s humiliation in land dispute,https://www.thehindu.com/news/national/andhra-pradesh/kadapa-police-reject-media-claims-of-womans-humiliation-in-land-dispute/article71245615.ece,Unknown
"Accurate disaster prediction key to saving lives, says R.P. Sisodiya",https://www.thehindu.com/news/national/andhra-pradesh/accurate-disaster-prediction-key-to-saving-lives-says-rp-sisodiya/article71245517.ece,Unknown
IIT-Tirupati hosts fifth BRICS working group meeting on geospatial technologies,https://www.thehindu.com/news/national/andhra-pradesh/iit-tirupati-hosts-fifth-brics-working-group-meeting-on-geospatial-technologies/article71245492.ece,Tirupati hosts fifth BRICS working group meeting on geospatial technologies
YSRCP alleges deterioration in law and order in Andhra Pradesh,https://www.thehindu.com/news/national/andhra-pradesh/ysrcp-alleges-deterioration-in-law-and-order-in-andhra-pradesh/article71245834.ece,Unknown
"Two red sanders operatives from Tamil Nadu arrested, 11 logs, car seized in Annamayya district",https://www.thehindu.com/news/national/andhra-pradesh/two-red-sanders-operatives-from-tamil-nadu-arrested-11-logs-car-seized-in-annamayya-district/article71245045.ece,Unknown
K. Venkateswarulu elected president of Visakhapatnam Public Library Society,https://www.thehindu.com/news/national/andhra-pradesh/k-venkateswarulu-elected-president-of-visakhapatnam-public-library-society/article71244943.ece,Unknown
Guntur civic body cancels private commercial waste collection contracts,https://www.thehindu.com/news/national/andhra-pradesh/guntur-civic-body-cancels-private-commercial-waste-collection-contracts/article71245598.ece,Unknown
"Education remains a powerful instrument in shaping students’ futures, says A.P. Minister",https://www.thehindu.com/news/national/andhra-pradesh/education-remains-a-powerful-instrument-in-shaping-students-futures-says-ap-minister/article71245432.ece,Unknown
"Registration Service Kendras intended to help public, not privatise services, says Naidu",https://www.thehindu.com/news/national/andhra-pradesh/registration-service-kendras-intended-to-help-public-not-privatise-services-says-naidu/article71245149.ece,Unknown
"CM seeks Centre’s support for aquaculture, tobacco sectors in Andhra Pradesh",https://www.thehindu.com/news/national/andhra-pradesh/cm-seeks-centres-support-for-aquaculture-tobacco-sectors-in-andhra-pradesh/article71245424.ece,Unknown
US Military Launches 11th Consecutive Night Of Strikes On Iran,https://www.ndtv.com/world-news/us-military-launches-11th-consecutive-night-of-strikes-on-iran-11803634#publisher=newsstand,Unknown
Trump Says Imported Generic Drugs To Face 100% Tariff From August 2028,https://www.ndtv.com/world-news/donald-trump-says-imported-generic-drugs-to-face-100-tariff-from-august-2028-11803611#publisher=newsstand,Unknown
40 People Kidnapped By Nigerian Gang: Report,https://www.ndtv.com/world-news/40-people-kidnapped-by-nigerian-gang-report-11803600#publisher=newsstand,Unknown
3 Of Hyderabad Family Die In Road Accident In US,https://www.ndtv.com/world-news/3-of-hyderabad-family-die-in-road-accident-in-us-11803575#publisher=newsstand,Unknown
Trump Vows To Help Lebanon Pursue Peace With Israel,https://www.ndtv.com/world-news/donald-trump-vows-to-help-lebanon-pursue-peace-with-israel-11803570#publisher=newsstand,Unknown
Ukraine's Zelensky Sacks Army Chief Amid War,https://www.ndtv.com/world-news/ukraines-zelensky-sacks-army-chief-amid-war-11803393#publisher=newsstand,Unknown
Pete Hegseth Estimates Iran War Has Cost $37.5 Billion So Far,https://www.ndtv.com/world-news/pete-hegseth-estimates-iran-war-has-cost-37-5-billion-11803455#publisher=newsstand,Unknown
"Weather Office Predicts Heavy Rain, Widespread Thundershowers Across UP",https://www.ndtv.com/india-news/weather-office-predicts-heavy-rain-widespread-thundershowers-across-up-11803385#publisher=newsstand,Unknown
21 Killed In 24 Hours As Flood Situation Worsens In Assam,https://www.ndtv.com/india-news/21-killed-in-24-hours-as-flood-situation-worsens-in-assam-11803324#publisher=newsstand,Unknown
"""India Is Now A Solar Superpower Backed By Skilled Workforce"": UN Climate Chief",https://www.ndtv.com/india-news/india-is-now-a-solar-superpower-backed-by-skilled-workforce-says-un-climate-chief-simon-stiell-11803308#publisher=newsstand,Unknown
Iran-US War News Live Updates: Trump Says US 'Not Finished At All' With Iran,https://www.ndtv.com/world-news/iran-us-war-news-live-update-new-strikes-middle-east-conflict-donald-trump-strait-of-hormuz-mojtaba-khamenei-israel-netanyahu-11799301#publisher=newsstand,US War News Live Updates: Trump Says US 'Not Finished At All' With Iran
"Rahul, Priyanka Gandhi Moved From Protest Outside PM Modi's House",https://www.ndtv.com/india-news/neet-paper-leak-row-rahul-gandhi-sister-priyanka-lead-congress-protest-to-pm-modi-s-house-11800745#publisher=newsstand,Unknown
Iran Shifted Nuclear Centrifuges To Pickaxe Mountain: Report,https://www.ndtv.com/world-news/iran-shifted-nuclear-centrifuges-to-pickaxe-mountain-report-11803267#publisher=newsstand,Unknown
"""Owe Students More Than Outrage"": Dharmendra Pradhan Slams Rahul Gandhi",https://www.ndtv.com/india-news/rahul-gandhi-exploiting-students-we-owe-them-more-than-outrage-says-education-minister-dharmendra-pradhan-11803061#publisher=newsstand,Unknown
"""If Someone Is Hungry, They Eat"": Sacked CJP Spokesperson On Burger Video",https://www.ndtv.com/india-news/vijyeta-dahiya-cockroach-janata-party-cjp-if-someone-is-hungry-they-eat-sacked-cjp-spokesperson-on-burger-video-11803235#publisher=newsstand,Unknown
"20 Workers Die In Sikkim Tunnel Collapse, Efforts On To Rescue 5 Trapped",https://www.ndtv.com/india-news/20-workers-die-in-sikkim-tunnel-collapse-efforts-on-to-rescue-5-trapped-11803208#publisher=newsstand,Unknown
"""Why Go To Protest When I Could Study, Improve My Score"": NEET Topper To NDTV",https://www.ndtv.com/india-news/neet-ug-2026-why-go-to-protest-when-i-could-study-improve-my-score-neet-topper-to-ndtv-11803098#publisher=newsstand,Unknown
"Cleric Arrested For Sheltering, Aiding Pakistani Terrorists In J&K",https://www.ndtv.com/india-news/mosque-cleric-arrested-for-sheltering-aiding-pakistani-terrorists-in-j-k-11803076#publisher=newsstand,Unknown
Rahul Gandhi Went Back On His Word After His Demand Was Accepted: Minister,https://www.ndtv.com/india-news/congress-protest-cjp-neet-went-back-on-his-word-minister-jitendra-singh-on-rahul-gandhis-demands-11801635#publisher=newsstand,Unknown
"""We're Not Finished"": Trump Warns Of Strike On Iran's Pickaxe Mountain Nuclear Site",https://www.ndtv.com/world-news/were-not-finished-trump-warns-of-strike-on-irans-pickaxe-mountain-nuclear-site-11803045#publisher=newsstand,Unknown
"Google DeepMind’s India chiefs on the race to make AI cheaper, safer — and finally good at code",https://www.thehindu.com/sci-tech/technology/google-deepminds-india-chiefs-on-the-race-to-make-ai-cheaper-safer-and-finally-good-at-code/article71244491.ece,Unknown
France advances bill to ban social media for under-15s,https://www.thehindu.com/sci-tech/technology/france-advances-bill-to-ban-social-media-for-under-15s/article71248622.ece,15s
Anthropic’s $1.5 billion settlement in authors’ class action copyright lawsuit gets approved,https://www.thehindu.com/sci-tech/technology/anthropics-15-billion-settlement-in-authors-class-action-copyright-lawsuit-gets-approved/article71248229.ece,Unknown
Are smartphones becoming smarter with on-device AI? | Explained,https://www.thehindu.com/sci-tech/technology/are-smartphones-becoming-smarter-with-on-device-ai-explained/article71248182.ece,device AI? | Explained
"AI and the brain: similar in scale, different in design",https://www.thehindu.com/sci-tech/technology/ai-and-the-brain-similar-in-scale-different-in-design/article70663265.ece,Unknown
Meta faces Tennessee trial over allegations Instagram was designed to be addictive,https://www.thehindu.com/sci-tech/technology/meta-faces-tennessee-trial-over-allegations-instagram-was-designed-to-be-addictive/article71248329.ece,Unknown
Mobile net shutdown slows dissemination of visuals from central Delhi protest,https://www.thehindu.com/news/cities/Delhi/mobile-net-shutdown-slows-dissemination-of-visuals-from-central-delhi-protest/article71246369.ece,Unknown
San Francisco wants Google and Apple to remove AI ‘Nudification’ apps from their app stores,https://www.thehindu.com/sci-tech/technology/san-francisco-wants-google-and-apple-to-remove-ai-nudification-apps-from-their-app-stores/article71237506.ece,Unknown
Meta could lease computing power to Anthropic as part of potential $10 billion deal,https://www.thehindu.com/sci-tech/technology/meta-could-lease-computing-power-to-anthropic-as-part-of-potential-10-billion-deal/article71237076.ece,Unknown
"Samsung workers win, but the pay divide remains",https://www.thehindu.com/sci-tech/technology/samsung-workers-win-but-the-pay-divide-remains/article71032645.ece,Unknown
What goals does Semicon 2.0 aim to achieve? | Explained,https://www.thehindu.com/sci-tech/technology/what-goals-does-semicon-20-aim-to-achieve-explained/article71238876.ece,Unknown
Samsung’s U.S. headquarters change hits hundreds of workers,https://www.thehindu.com/sci-tech/technology/samsungs-us-headquarters-change-hits-hundreds-of-workers/article71243848.ece,Unknown
Space Exploration Day | How are astronauts trained?,https://www.thehindu.com/children/how-are-astronauts-trained/article71189012.ece,Unknown
U.S. judge won't block Meta from laying off workers who filed AI discrimination lawsuit,https://www.thehindu.com/sci-tech/technology/us-judge-wont-block-meta-from-laying-off-workers-who-filed-ai-discrimination-lawsuit/article71237060.ece,Unknown
Apple unseats Nvidia to become world's most valuable company as AI bets shift,https://www.thehindu.com/sci-tech/technology/apple-unseats-nvidia-to-become-worlds-most-valuable-company-as-ai-bets-shift/article71234955.ece,Unknown
Telangana police’s fight against Telugu film piracy,https://www.thehindu.com/news/cities/Hyderabad/how-telangana-police-and-telugu-film-industry-are-fighting-against-piracy/article71224809.ece,Unknown
Making sense of embodied AI,https://www.thehindu.com/sci-tech/technology/making-sense-of-embodied-ai/article71233239.ece,Unknown
India’s old computing wars offer a roadmap for future chips,https://www.thehindu.com/books/india-old-computing-wars-offer-roadmap-future-chips/article71230149.ece,Unknown
China pitches AI governance model for Global South,https://www.thehindu.com/news/international/ai-should-not-be-a-solo-performance-but-symphony-of-global-collaboration-xi-jinping/article71232848.ece,Unknown
​Promise of chips: On the India Semiconductor Mission phase II,https://www.thehindu.com/opinion/editorial/promise-of-chips-on-the-india-semiconductor-mission-phase-ii/article71234320.ece,Unknown
HCLTech opens technology centre in GIFT City; employs 500 engineers,https://www.thehindu.com/business/hcltech-opens-technology-centre-in-gift-city-employs-500-engineers/article71234916.ece,Unknown
India’s mass-market mobile segment declined 45% YoY,https://www.thehindu.com/sci-tech/technology/indias-mass-market-mobile-segment-declined-45-yoy/article71233513.ece,market mobile segment declined 45% YoY
Google will have to open up Android and Search data to rivals under new EU specifications,https://www.thehindu.com/sci-tech/technology/google-will-have-to-open-up-android-and-search-data-to-rivals-under-new-eu-specifications/article71233018.ece,Unknown
How the new U.S. visa rules affect your online privacy | Explained,https://www.thehindu.com/sci-tech/technology/how-the-new-us-visa-rules-affect-your-online-privacy-explained/article69743345.ece,Unknown
SpaceX abruptly scrubs Starship test flight,https://www.thehindu.com/sci-tech/science/spacex-abruptly-scrubs-starship-test-flight/article71232829.ece,Unknown
"What is Kimi K3, China’s first open AI model to reach 2.8 trillion parameters?",https://www.thehindu.com/sci-tech/technology/what-is-kimi-k3-chinas-first-open-ai-model-to-reach-28-trillion-parameters/article71232767.ece,Unknown
How India’s first hydrogen-powered train works | Explained,https://www.thehindu.com/sci-tech/explained-how-indias-first-hydrogen-powered-train-works/article71232664.ece,powered train works | Explained
Is OnePlus exiting India? | Explained,https://www.thehindu.com/sci-tech/technology/is-oneplus-exiting-india-explained/article71229122.ece,Unknown
OpenAI marks hardware debut with mini-keyboard designed for Codex users,https://www.thehindu.com/sci-tech/technology/openai-marks-hardware-debut-with-mini-keyboard-designed-for-codex-users/article71229799.ece,keyboard designed for Codex users
"Google loses court fight against $854,250 Italian fine over gambling advertising",https://www.thehindu.com/sci-tech/technology/google-loses-court-fight-against-854250-italian-fine-over-gambling-advertising/article71229378.ece,Unknown
"Google appeals Indian ruling over its ads platform, citing consumer harm",https://www.thehindu.com/business/google-appeals-indian-ruling-over-its-ads-platform-citing-consumer-harm/article71203594.ece,Unknown
"Meta ‘turning a blind eye’ to illegal gambling ads, UK Gambling Commission says",https://www.thehindu.com/sci-tech/technology/meta-turning-a-blind-eye-to-illegal-gambling-ads-uk-gambling-commission-says/article70527869.ece,Unknown
"Amid lawsuit over AI child abuse material, xAI sues one Grok user",https://www.thehindu.com/sci-tech/technology/amid-lawsuit-over-ai-child-abuse-media-xai-sues-one-grok-user/article71228563.ece,Unknown
Why are five anonymous female users suing Elon Musk’s xAI? | Explained,https://www.thehindu.com/sci-tech/technology/why-are-five-anonymous-female-users-suing-elon-musks-xai-explained/article71224775.ece,Unknown
Is the global smartphone industry going through a structural downturn? | Explained,https://www.thehindu.com/sci-tech/technology/is-the-global-smartphone-industry-going-through-a-structural-downturn-explained/article71224377.ece,Unknown
Knowledge work in the age of agentic AI,https://www.thehindu.com/sci-tech/technology/knowledge-work-in-the-age-of-agentic-ai/article71224695.ece,Unknown
"Brought in for civilian use, Starlink is now integral to Ukraine’s war effort",https://www.thehindu.com/sci-tech/technology/brought-in-for-civilian-use-starlink-is-now-integral-to-ukraines-war-effort/article71225657.ece,Unknown
What can you do if someone makes deepfakes of you?,https://www.thehindu.com/sci-tech/technology/what-can-you-do-if-someone-makes-deepfakes-of-you/article67894942.ece,Unknown
How Grok pushed deepfake “nudification” mainstream,https://www.thehindu.com/sci-tech/technology/how-grok-pushed-deepfake-nudification-mainstream/article70485551.ece,Unknown
"Elon Musk's Grok created three million sexualised images, research says",https://www.thehindu.com/sci-tech/technology/elon-musks-grok-created-three-million-sexualized-images-research-says/article70540843.ece,Unknown
OpenAI is building an AI speaker amid legal feud with Apple,https://www.thehindu.com/sci-tech/technology/openai-is-building-an-ai-speaker-amid-legal-feud-with-apple/article71224884.ece,Unknown
How India’s first educational computer arrived on a bullock cart,https://www.thehindu.com/children/how-indias-first-educational-computer-arrived-on-a-bullock-cart/article71209933.ece,Unknown
Motorola Edge 70 Max launched in India,https://www.thehindu.com/sci-tech/technology/gadgets/motorola-edge-70-max-launched-in-india/article71224516.ece,Unknown
Decoding the tech tools streamlining our health systems,https://www.thehindu.com/sci-tech/health/decoding-the-tech-tools-streamlining-our-health-systems/article71182443.ece,Unknown
"26 Meta employees sue, alleging AI-driven layoff picks hit workers on medical and parental leave",https://www.thehindu.com/sci-tech/technology/26-meta-employees-sue-alleging-ai-driven-layoff-picks-hit-workers-on-medical-and-parental-leave/article71224277.ece,driven layoff picks hit workers on medical and parental leave
Daily Quiz: On social media platform X,https://www.thehindu.com/sci-tech/technology/daily-quiz-on-social-media-platform-x/article71224241.ece,Unknown
"Deep-Tech, AI, Innovation to shape India’s future: Dr. Mashelkar",https://www.thehindu.com/business/Economy/deep-tech-ai-innovation-to-shape-indias-future-dr-mashelkar/article71220734.ece,"Tech, AI, Innovation to shape India’s future: Dr. Mashelkar"
Can AI moderate social media content? Here’s why it falls short,https://www.thehindu.com/sci-tech/technology/can-ai-moderate-social-media-content-heres-why-it-falls-short/article71220510.ece,Unknown
New York to impose the country’s first state-wide moratorium on data centres,https://www.thehindu.com/news/international/new-york-to-impose-the-countrys-first-state-wide-moratorium-on-data-centres/article71220856.ece,wide moratorium on data centres
Nasscom warns of decline in deep engineering skills as AI takes over routine work,https://www.thehindu.com/sci-tech/technology/nasscom-warns-of-decline-in-deep-engineering-skills-as-ai-takes-over-routine-work/article71220921.ece,Unknown
Why has Meta pulled back Muse AI feature from Instagram?,https://www.thehindu.com/sci-tech/technology/why-has-meta-pulled-back-muse-ai-feature-from-instagram/article71215966.ece,Unknown
Meta Oakley HSTN Review | Should You Buy These Over the Ray-Ban Meta Wayfarer?,https://www.thehindu.com/sci-tech/technology/gadgets/meta-oakley-hstn-review-should-you-buy-these-over-the-ray-ban-meta-wayfarer/article71220547.ece,Ban Meta Wayfarer?
Big Tech’s AI race comes at a steep environmental cost | Explained,https://www.thehindu.com/sci-tech/technology/big-techs-ai-race-comes-at-a-steep-environmental-cost-explained/article71219770.ece,Unknown
"UMANG portal flaws exposed user data across hundreds of services, researchers find",https://www.thehindu.com/sci-tech/technology/umang-portal-flaws-exposed-user-data-across-hundreds-of-services-researchers-find/article71217208.ece,Unknown
‘Have engineered a safety net’: Nothing’s Akis Evangelidis on rising component costs,https://www.thehindu.com/sci-tech/technology/have-engineered-a-safety-net-nothings-akis-evangelidis-on-rising-component-costs/article71205815.ece,Unknown
Centre to review messaging platforms’ response on notice over username feature,https://www.thehindu.com/sci-tech/technology/centre-to-review-messaging-platforms-response-on-notice-over-username-feature/article71216601.ece,Unknown
"Mulling ban, EU gets expert verdict on social media for children",https://www.thehindu.com/news/international/mulling-ban-eu-gets-expert-verdict-on-social-media-for-children/article71216169.ece,Unknown
EU says age-check app 'ready' in push to protect children online,https://www.thehindu.com/sci-tech/technology/eu-says-age-check-app-ready-in-push-to-protect-children-online/article70867501.ece,check app 'ready' in push to protect children online
Sony launches LinkBuds Clip wireless earbuds with open-ear design,https://www.thehindu.com/sci-tech/technology/gadgets/sony-launches-linkbuds-clip-wireless-earbuds-with-open-ear-design/article71216245.ece,ear design
"OpenAI unveils long-awaited ""super app"" as rivalry with Anthropic intensifies",https://www.thehindu.com/sci-tech/technology/openai-unveils-long-awaited-super-appas-rivalry-with-anthropic-intensifies/article71205135.ece,"awaited ""super app"" as rivalry with Anthropic intensifies"
Zelensky Dismisses Ukraine’s Top General After Protests,https://www.nytimes.com/2026/07/21/world/europe/ukraine-syrskyi-russia-war-fedorov-zelensky-protest.html,Unknown
Inside the Fight to Rid South Africa of Black Immigrants,https://www.nytimes.com/2026/07/21/world/africa/south-africa-migrants.html,Unknown
3 Myths Fueling Anti-Immigrant Sentiment in South Africa,https://www.nytimes.com/2026/07/21/world/africa/south-africa-immigration-protests-explainer.html,Immigrant Sentiment in South Africa
India’s Young Protesters Are Bloodied but Unbowed,https://www.nytimes.com/2026/07/21/world/asia/india-protests-cockroach-janta-party.html,Unknown
Netanyahu Ad Uses a Questionable Tactic Against Bereaved Rival,https://www.nytimes.com/2026/07/21/world/middleeast/netanyahu-ad-gadi-eisenkot.html,Unknown
"British Politician Ann Widdecombe Was Murdered with a Hammer, Prosecutors Say",https://www.nytimes.com/2026/07/21/world/europe/ann-widdecombe-death-hammer.html,Unknown
Trump Escalates Canada Tariffs as Mark Carney Holds Firm,https://www.nytimes.com/2026/07/21/world/canada/trump-carney-trade-tariffs.html,Unknown
Houthis in Yemen Edge Closer to Entering U.S.-Iran War,https://www.nytimes.com/2026/07/21/world/middleeast/houthis-yemen-iran-war.html,Iran War
France Joins a Global Move Toward Restricting Social Media for Children,https://www.nytimes.com/2026/07/21/world/europe/france-social-media-ban.html,Unknown
The Teenage Boys In Search of Their Mother After the Venezuela Earthquake,https://www.nytimes.com/2026/07/21/world/americas/venezuela-quake-victims-search.html,Unknown
"When Protesters Speak, Zelensky Listens, in the Ukrainian Tradition",https://www.nytimes.com/2026/07/21/world/europe/ukraine-zelensky-protests.html,Unknown
A Family’s Daring Escape From North Korea,https://www.nytimes.com/2026/07/21/world/asia/south-korea-family-defection-escape.html,Unknown
New UK Prime Minister Burnham Promises Hope and Change. The Hurdles Are High.,https://www.nytimes.com/2026/07/21/world/europe/andy-burnham-new-uk-prime-minister-policies.html,Unknown
Philippines Says Sailor Was Injured in Skirmish With Chinese Coast Guard,https://www.nytimes.com/2026/07/21/world/asia/philippines-south-china-sea-sailor-injured.html,Unknown
"With His Latest Threats, Trump Signals to Iran That He Is Willing to Escalate",https://www.nytimes.com/2026/07/21/us/politics/trump-iran-threats.html,Unknown
Mykhailo Drapatyi: What to Know About Ukraine’s New Top General,https://www.nytimes.com/2026/07/21/world/europe/ukraine-mykhailo-drapatyi.html,Unknown
A Wartime Rift in Ukraine,https://www.nytimes.com/2026/07/21/world/ukraine-general-fired-india-protests.html,Unknown
What to Know About Iran’s Pickaxe Mountain,https://www.nytimes.com/2026/07/21/world/middleeast/pickaxe-mountain-iran-nuclear.html,Unknown
Water Plants Under Fire in the Gulf Are Crucial to Civilians,https://www.nytimes.com/2026/07/21/world/middleeast/desalination-water-middle-east.html,Unknown
Iran’s top diplomat says ‘security gap’ may have led to strikes on supreme leader.,https://www.nytimes.com/live/2026/07/21/world/iran-war-strikes-trump-hormuz/abbas-aragchi-security-gap-strikes,Unknown
"1,700 H.I.V. Treatment Sites Closed After Trump Aid Cuts, a Study Finds",https://www.nytimes.com/2026/07/21/health/hiv-trump-cuts-pepfar.html,Unknown
Lebanese Army Accuses Israeli Troops of Firing as Its Forces Deploy in ‘Pilot Zone’,https://www.nytimes.com/2026/07/21/world/middleeast/lebanon-israel-ceasefire-plan.html,Unknown
Flash Floods Kill at Least 23 in Afghanistan,https://www.nytimes.com/2026/07/21/world/asia/afghanistan-floods-deaths-nuristan.html,Unknown
Here’s the latest.,https://www.nytimes.com/live/2026/07/21/world/iran-war-strikes-trump-hormuz/heres-the-latest,Unknown
"Burnham, UK’s New Prime Minister, Starts With Electricity Tax Cut",https://www.nytimes.com/2026/07/21/world/europe/uk-andy-burnham-electricity-tax-vat.html,Unknown
Australian Woman Gives Birth to ‘Miracle’ Identical Quadruplets,https://www.nytimes.com/2026/07/21/world/australia/australia-identical-quadruplets-birth.html,Unknown
At Least 27 Dead in Guyana After Ferry Capsizes,https://www.nytimes.com/2026/07/20/world/americas/guyana-ferry-sinking-barima.html,Unknown
"Daniel Ortega, President of Nicaragua, Says He Plans to Abolish Elections",https://www.nytimes.com/2026/07/20/world/americas/nicaragua-ortega-abolish-elections.html,Unknown
Pope Leo Calls for Nuclear Disarmament in Latest Antiwar Message,https://www.nytimes.com/2026/07/20/world/europe/pope-leo-nuclear-disarmament-anti-war-message.html,Unknown
U.K. Prosecutors File Murder Charge in Ann Widdecombe Death,https://www.nytimes.com/2026/07/20/world/europe/uk-ann-widdecombe-murder.html,Unknown
Epidemics and Rage,https://www.nytimes.com/2026/07/20/world/epidemics-rage-ebola-first-responders.html,Unknown
Evacuees of Ontario’s Wildfires Wait and Worry,https://www.nytimes.com/2026/07/20/world/canada/ontario-wildfire-evacuations-thunder-bay.html,Unknown
"In Gaza, Spain’s Win Brings a Moment of Joy and Distraction",https://www.nytimes.com/2026/07/20/world/world-cup-spain-gaza-watch-parties.html,Unknown
Inside Andy Burnham’s 1st Day as U.K. Prime Minister,https://www.nytimes.com/2026/07/20/world/europe/andy-burnham-uk.html,Unknown
Trump Says Netanyahu Will Not Be Arrested in the U.S.,https://www.nytimes.com/2026/07/20/world/middleeast/israel-un-mamdani-netanyahu-arrest.html,Unknown
"In Venezuela’s Rubble, a Search for the Family Pets",https://www.nytimes.com/2026/07/20/world/americas/venezuela-earthquakes-volunteer-pets.html,Unknown
Inside the Deadly U.S. Airstrike on a Shadow Fleet Tanker,https://www.nytimes.com/2026/07/20/world/middleeast/inside-the-deadly-us-airstrike-on-a-shadow-fleet-tanker.html,Unknown
Outcry in Italy After Man Dies While Being Restrained by Police,https://www.nytimes.com/2026/07/20/world/europe/moroccan-italy-police-death-george-floyd.html,Unknown
Suspected Iranian strikes have targeted the U.S. military in at least 4 countries.,https://www.nytimes.com/live/2026/07/20/world/iran-war-strikes-trump-hormuz/suspected-iranian-strikes-have-targeted-us-military-in-at-least-four-countries,Unknown
Hamas Names Khalil al-Hayya as Its New Leader,https://www.nytimes.com/2026/07/20/world/middleeast/gaza-talks-khalil-al-hayya-leader.html,Hayya as Its New Leader
Houthis in Yemen Declare Red Sea Blockade on Saudi Arabia,https://www.nytimes.com/2026/07/20/world/middleeast/yemen-houthis-saudi-arabia-red-sea-blockade.html,Unknown
Spain Celebrates Both a Soccer Win and a Sense of Wider Success,https://www.nytimes.com/2026/07/20/world/europe/spain-victory-world-cup.html,Unknown
What Happens Behind the Scenes Once Burnham Enters 10 Downing Street,https://www.nytimes.com/2026/07/20/world/europe/behind-the-scenes-downing-street.html,Unknown
"Aiming for My Fastest Marathon, I Turned to Distance Running’s Mecca",https://www.nytimes.com/2026/07/20/world/africa/kenya-iten-marathon-training.html,Unknown
Burnham Set to Become Britain’s First Openly Roman Catholic Prime Minister,https://www.nytimes.com/2026/07/20/world/europe/burnham-openly-roman-catholic-prime-minister.html,Unknown
Zelensky Faces Pressure to Remove Ukraine’s Top General,https://www.nytimes.com/2026/07/20/world/europe/ukraine-zelensky-general-defense-minister.html,Unknown
North Sea Drilling Offers First Test for Burnham’s Relationship With Trump,https://www.nytimes.com/2026/07/20/world/europe/burnham-trump-uk-us-relationship-north-sea-oil.html,Unknown
Here’s the latest.,https://www.nytimes.com/live/2026/07/20/world/uk-prime-minister-burnham-starmer/heres-the-latest,Unknown
Here’s the latest.,https://www.nytimes.com/live/2026/07/20/world/iran-war-strikes-trump-hormuz/heres-the-latest,Unknown
Ukraine War Momentum Helps Spur Interest in Postwar Investment,https://www.nytimes.com/2026/07/20/world/europe/ukraine-post-war-reconstruction.html,Unknown
Rubio Says That U.S. Is Still Open to Diplomacy With Iran,https://www.nytimes.com/2026/07/20/world/middleeast/rubio-us-iran-war-diplomacy.html,Unknown
Police in India Use Tear Gas and Batons on Crowds Protesting Exam Scandal,https://www.nytimes.com/2026/07/20/world/asia/india-protest-cjp-cockroach-jantar-mantar.html,Unknown
Trump Administration and Iran Officials Risk a Wider War They Cannot Afford,https://www.nytimes.com/2026/07/20/world/middleeast/iran-united-states-escalation.html,Unknown
Five of the Main Challenges Awaiting Andy Burnham When He Becomes Prime Minister,https://www.nytimes.com/2026/07/20/world/europe/britain-new-prime-minister-challenges.html,Unknown
Tears in Argentina for Lionel Messi’s ‘Last Tango’,https://www.nytimes.com/2026/07/19/world/americas/messi-argentina-buenos-aires-last-tango.html,Unknown
Iran war live: US launches new attacks; Hegseth says war has cost $37.5bn,https://www.aljazeera.com/news/liveblog/2026/7/22/iran-war-live-us-launches-new-attacks-hegseth-says-war-has-cost-37-5bn?traffic_source=rss,Unknown
US strikes Iran for ’11th consecutive night’,https://www.aljazeera.com/news/2026/7/21/explosions-in-iran-as-us-launches-new-strikes?traffic_source=rss,Unknown
Lebanese army deploys in ‘pilot zones’ under US-backed plan,https://www.aljazeera.com/video/2026/7/21/lebanese-army-deploys-in-pilot-zones-under-us-backed-plan?traffic_source=rss,backed plan
"Trump administration attacks US left, alleging Cuba ties: Key takeaways",https://www.aljazeera.com/news/2026/7/21/trump-administration-attacks-us-left-alleging-cuba-ties-key-takeaways?traffic_source=rss,Unknown
Moldova chooses new prime minister as it pushes for EU membership,https://www.aljazeera.com/news/2026/7/21/moldova-chooses-new-prime-minister-as-it-pushes-for-eu-membership?traffic_source=rss,Unknown
Zelenskyy replaces Ukraine military chief after protests,https://www.aljazeera.com/news/2026/7/21/zelenskyy-replaces-ukraine-military-chief-after-protests?traffic_source=rss,Unknown
Drone shows scorched landscape after Spain wildfire,https://www.aljazeera.com/video/newsfeed/2026/7/21/drone-shows-scorched-landscape-after-spain-wildfire?traffic_source=rss,Unknown
US defence chief Hegseth puts Iran war cost at $37.5bn so far,https://www.aljazeera.com/news/2026/7/21/hegseth-says-iran-war-has-cost-37-5bn-in-latest-official-us-account?traffic_source=rss,Unknown
Iran holds funerals for children killed in Minab school strike,https://www.aljazeera.com/video/newsfeed/2026/7/21/iran-holds-funerals-for-children-killed-in-minab-school-strike?traffic_source=rss,Unknown
How will Khalil al-Hayya’s leadership shape Hamas?,https://www.aljazeera.com/video/inside-story/2026/7/21/how-will-khalil-al-hayyas-leadership-shape-hamas?traffic_source=rss,Hayya’s leadership shape Hamas?
Guyana reports ferry disaster death toll rises to 41,https://www.aljazeera.com/news/2026/7/21/guyana-reports-ferry-disaster-death-toll-rises-to-41?traffic_source=rss,Unknown
Daytime Russian strike kills three in Zaporizhzhia,https://www.aljazeera.com/video/newsfeed/2026/7/21/daytime-russian-strike-kills-three-in-zaporizhzhia?traffic_source=rss,Unknown
French parliament passes social media ban for under-15s,https://www.aljazeera.com/news/2026/7/21/french-parliament-passes-social-media-ban-for-under-15s?traffic_source=rss,15s
US funding cuts deal blow to global HIV treatment: Report,https://www.aljazeera.com/news/2026/7/21/us-funding-cuts-deal-blow-to-global-hiv-treatment-report?traffic_source=rss,Unknown
Deposed Turkish opposition leader plans new party,https://www.aljazeera.com/news/2026/7/21/deposed-turkish-opposition-leader-plans-new-party?traffic_source=rss,Unknown
Carney says he and Trump have agreed to ‘intensify’ trade negotiations,https://www.aljazeera.com/economy/2026/7/21/carney-says-he-and-trump-have-agreed-to-intensify-trade-negotiations?traffic_source=rss,Unknown
Spain battles latest in series of major wildfires near Madrid,https://www.aljazeera.com/news/2026/7/21/spain-battles-latest-in-series-of-major-wildfires-near-madrid?traffic_source=rss,Unknown
Kuwaitis ration electricity after Iranian strikes hit power grid,https://www.aljazeera.com/video/newsfeed/2026/7/21/kuwaitis-ration-electricity-after-iranian-strikes-hit-power-grid?traffic_source=rss,Unknown
US judge blocks Trump bid to strip work permits from immigrants,https://www.aljazeera.com/news/2026/7/21/us-judge-blocks-trump-bid-to-strip-work-permits-from-immigrants?traffic_source=rss,Unknown
India tunnel collapse kills 10 as toxic gases hamper rescue,https://www.aljazeera.com/video/newsfeed/2026/7/21/india-tunnel-collapse-kills-10-as-toxic-gases-hamper-rescue?traffic_source=rss,Unknown
US agency proposes ending racial and gender workforce data collection,https://www.aljazeera.com/economy/2026/7/21/us-agency-proposes-ending-racial-and-gender-workforce-data-collection?traffic_source=rss,Unknown
Can mediators broker a truce between the US and Iran?,https://www.aljazeera.com/news/2026/7/21/can-mediators-broker-a-truce-between-the-us-and-iran?traffic_source=rss,Unknown
Rescuers search for flood survivors in Afghanistan,https://www.aljazeera.com/video/newsfeed/2026/7/21/rescuers-search-for-flood-survivors-in-afghanistan?traffic_source=rss,Unknown
"Trump says he’s open to talks with Hezbollah, vows to help Lebanon",https://www.aljazeera.com/video/newsfeed/2026/7/21/trump-says-hes-open-to-talks-with-hezbollah-vows-to-help-lebanon?traffic_source=rss,Unknown
Instagram on trial for allegedly harming kids,https://www.aljazeera.com/video/newsfeed/2026/7/21/instagram-on-trial-for-allegedly-harming-kids?traffic_source=rss,Unknown
Health worker monitored for Ebola in London hospital after working in DRC,https://www.theguardian.com/world/2026/jul/21/health-worker-being-monitored-for-ebola-in-london-hospital-after-working-in-drc,Unknown
"Healthy diet too expensive for one in three people globally, UN report finds",https://www.theguardian.com/global-development/2026/jul/21/healthy-diet-too-expensive-for-one-in-three-people-globally-un-report-finds,Unknown
São Tomé and Príncipe heads to polls in tense presidential election,https://www.theguardian.com/world/2026/jul/19/sao-tome-and-principe-presidential-election,Unknown
‘We are preserving a tradition’: how Ghana’s sensationalist film posters became collectible art,https://www.theguardian.com/world/2026/jul/18/ghana-sensationalist-film-posters-collectible-art,Unknown
"Seven Americans quarantining at Kenya Ebola facility after US travel ban, says aid group",https://www.theguardian.com/us-news/2026/jul/17/ebola-us-aid-workers-kenya,Unknown
Trump announces new tariffs on generic drugs to take effect in 2028 – US politics live,https://www.theguardian.com/us-news/live/2026/jul/21/donald-trump-tariffs-canada-mark-carney-lebanon-republicans-gop-spending-bill-latest-news-updates,Unknown
Spanish hotel chain ceases operations in Cuba under pressure from Washington,https://www.theguardian.com/world/2026/jul/21/spanish-hotel-chain-ceases-operations-cuba-sanctions-trump,Unknown
US claims of Cuba’s ‘unique threat’ jar with reality of hunger and blackouts,https://www.theguardian.com/world/2026/jul/21/us-state-department-report-cuba,Unknown
"We received no alert, say leaders of First Nations communities razed by Canadian wildfires",https://www.theguardian.com/world/2026/jul/21/first-nations-ontario-canada-wildfires-evacuations-government,Unknown
"Donald Trump to impose 50% tariff on most Canadian goods, White House says",https://www.theguardian.com/us-news/2026/jul/20/trump-canada-tariffs,Unknown
Australia spent more than $9m for each asylum seeker held on Nauru last year – so why can’t they afford to buy food?,https://www.theguardian.com/world/2026/jul/20/nauru-asylum-seeker-living-conditions-food-allowance-offshore-processing,Unknown
Australia updates travel advice for Laos as charges announced over mass methanol poisoning,https://www.theguardian.com/australia-news/2026/jul/17/distillery-owner-could-face-only-three-months-in-jail-over-alleged-poisoning-australian-teenagers,Unknown
Biodiversity fears as human-bred hybrid fish integrate into Philippines lake,https://www.theguardian.com/environment/2026/jul/17/biodiversity-fears-flowerhorn-cichlids-philippines-lake,bred hybrid fish integrate into Philippines lake
ICE arrests human rights lawyer who fled Chinese crackdown,https://www.theguardian.com/us-news/2026/jul/17/ice-arrests-human-rights-lawyer-wu-shaoping-fled-chinese-crackdown,Unknown
Weather tracker: Thunderstorms strike across Europe amid record heatwave,https://www.theguardian.com/environment/2026/jul/17/weather-tracker-thunderstorms-strike-across-europe-amid-record-heatwave,Unknown
Australia news live: vulnerable women and children warned to turn off concealed phones during national emergency alert test next week,https://www.theguardian.com/australia-news/live/2026/jul/22/australia-news-live-penny-wong-asean-pacific-missile-pauline-hanson-one-nation-labor-conference-tax-anthony-albanese-antisemitism-royal-commission-ntwnfb,Unknown
Perth teenager charged with murdering his mother and attempting to kill sister,https://www.theguardian.com/australia-news/2026/jul/22/perth-bentley-teenage-boy-charged-murder-mother-attempting-to-kill-sister-ntwnfb,Unknown
RBA now twice as likely to hike interest rates as US-Iran war drives fuel prices higher,https://www.theguardian.com/australia-news/2026/jul/22/rba-interest-rate-rise-likely-us-iran-war-markets-forecast,Iran war drives fuel prices higher
"Kate Ellis is back – and the heat of political debate is higher than ever, incoming Labor president says",https://www.theguardian.com/australia-news/2026/jul/22/kate-ellis-is-back-and-this-time-the-heat-of-political-debate-is-higher-than-ever-the-incoming-labor-president-says,Unknown
The Queensland government promised to put victims first. But it has buried a report from domestic violence survivors,https://www.theguardian.com/society/2026/jul/21/the-queensland-government-promised-to-put-victims-first-instead-it-buried-a-report-from-domestic-violence-survivors,Unknown
Zelenskyy fires Ukraine’s army chief and offers Fedorov ‘prominent position’,https://www.theguardian.com/world/2026/jul/21/zelenskyy-replaces-military-leader-and-brings-back-defence-minister-he-sacked,Unknown
France becomes first EU country to ban social media access for under-15s,https://www.theguardian.com/world/2026/jul/21/france-ban-social-media-access-under-15s,15s
Airbus to test folding wings for next generation of bestselling planes,https://www.theguardian.com/business/2026/jul/21/airbus-to-test-folding-wings-for-next-generation-of-bestselling-planes,Unknown
Russian warship carries out rare live-fire exercise 45 miles off UK coast,https://www.theguardian.com/uk-news/2026/jul/21/russian-warship-carries-out-live-fire-exercise-uk-coast-neustrashimy-plymouth,fire exercise 45 miles off UK coast
"Stand still, make eye contact: Denmark tells tourists how to behave in a wolf encounter",https://www.theguardian.com/world/2026/jul/21/denmark-advice-tourists-wolf-encounter,Unknown
Middle East crisis live: tankers carrying Saudi oil turned back after Houthi threats; US launches more strikes on Iran,https://www.theguardian.com/world/live/2026/jul/21/us-iran-war-live-updates-strait-of-hormuz-attacks-houthis-blockade-red-sea-middle-east-crisis-latest-news,Unknown
Hegseth tells Senate war on Iran has so far cost $37.5bn at hearing to request more funds,https://www.theguardian.com/us-news/2026/jul/21/hegseth-pentagon-supplemental-funding-request-senate,Unknown
Houthis threaten to attack shipping tankers if they use Saudi Arabian ports on Red Sea,https://www.theguardian.com/world/2026/jul/21/houthis-threaten-attack-tankers-saudi-arabian-ports-red-sea-shipping,Unknown
Zendaya faces backlash for wearing ancient Iranian jewellery at Odyssey event,https://www.theguardian.com/science/2026/jul/21/zendaya-faces-backlash-for-wearing-ancient-iranian-jewellery-at-odyssey-event,Unknown
IDF accused of working with settlers after latest deadly West Bank raid,https://www.theguardian.com/world/2026/jul/20/israeli-settlers-partnership-army-palestinians-bury-dead-west-bank,Unknown
India’s Cockroach movement protesters show no sign of backing down,https://www.theguardian.com/world/2026/jul/21/india-cockroach-movement-protesters-delhi,Unknown
Rescuers in Afghanistan search for missing and dead after flash floods destroy homes,https://www.theguardian.com/world/2026/jul/20/deadly-floods-nuristan-afghanistan,Unknown
Tens of thousands of Cockroach movement protesters defy police with Delhi march,https://www.theguardian.com/world/2026/jul/20/cockroach-janta-party-protest-march-sonam-wangchuk-india-parliament,Unknown
"‘When I get home, my whole body aches’: extreme heat saps health and wages of India’s poorest workers",https://www.theguardian.com/environment/2026/jul/20/extreme-heat-india-outdoor-workers-poverty,Unknown
"More than 500 feared dead after reports of two shipwrecks off Myanmar, UN says",https://www.theguardian.com/world/2026/jul/16/hundreds-of-refugees-feared-dead-after-two-suspected-shipwrecks-off-myanmar-un,Unknown
Andy Burnham urges cabinet to examine ‘all possible ways’ to tackle cost of living crisis,https://www.theguardian.com/politics/2026/jul/21/defence-uplift-national-care-service-andy-burnham-policies-funding,Unknown
Anas Sarwar reportedly set to quit as Scottish Labour leader to be minister in Andy Burnham’s government – as it happened,https://www.theguardian.com/politics/live/2026/jul/21/andy-burnham-pm-labour-energy-bills-cost-of-living-cabinet-latest-news-updates,Unknown
Former Met police chief admits surveillance of Stephen Lawrence’s family was institutionally racist,https://www.theguardian.com/uk-news/2026/jul/21/former-met-police-commissioner-paul-condon-spycops-inquiry,Unknown
Fiscal hawk or big spender – what kind of chancellor will John Healey be?,https://www.theguardian.com/politics/2026/jul/21/fiscal-hawk-or-big-spender-what-kind-of-chancellor-will-john-healey-be,Unknown
Starmer allies see ‘hint of retribution’ in Burnham reshuffle,https://www.theguardian.com/politics/2026/jul/21/keir-starmer-allies-retribution-andy-burnham-reshuffle,Unknown
Mistrial declared in case over Sacramento’s deadliest shooting,https://www.theguardian.com/us-news/2026/jul/21/sacramento-k-street-shooting,Unknown
"US immigration agents arrested a record number of people in June, data shows",https://www.theguardian.com/us-news/2026/jul/21/immigration-agents-arrest-june-data,Unknown
Bay Area city manager charged for allegedly breaking into 66ft yacht while drinking,https://www.theguardian.com/us-news/2026/jul/21/bay-area-city-manager-charged-stealing-yacht,Unknown
Senate committee advances nomination of Trump intelligence pick Jay Clayton,https://www.theguardian.com/us-news/2026/jul/21/senate-advances-trump-intelligence-pick-jay-clayton,Unknown
"Bill Gates foundation met with Jeffrey Epstein about 30 times, external review finds",https://www.theguardian.com/us-news/2026/jul/21/bill-gates-foundation-jeffrey-epstein-review,Unknown
